woonplaats,gemeente,provincie
1e Exloërmond,Borger-Odoorn,Drenthe
2e Exloërmond,Borger-Odoorn,Drenthe
2e Valthermond,Borger-Odoorn,Drenthe
Aadorp,Almelo,Overijssel
Aagtekerke,Veere,Zeeland
Aalden,Coevorden,Drenthe
Aalsmeer,Aalsmeer,Noord-Holland
Aalsmeerderbrug,Haarlemmermeer,Noord-Holland
Aalst,Zaltbommel,Gelderland
Aalsum,Noardeast-Friesland,Friesland
Aalten,Aalten,Gelderland
Aardenburg,Sluis,Zeeland
Aarlanderveen,Alphen aan den Rijn,Zuid-Holland
Aarle-Rixtel,Laarbeek,Noord-Brabant
Aartswoud,Opmeer,Noord-Holland
Abbega,Súdwest-Friesland,Friesland
Abbekerk,Medemblik,Noord-Holland
Abbenbroek,Nissewaard,Zuid-Holland
Abbenes,Haarlemmermeer,Noord-Holland
Abcoude,De Ronde Venen,Utrecht
Achlum,Waadhoeke,Friesland
Achterveld,Barneveld,Gelderland
Achterveld,Leusden,Utrecht
Achthuizen,Goeree-Overflakkee,Zuid-Holland
Achtmaal,Zundert,Noord-Brabant
Acquoy,West Betuwe,Gelderland
Adorp,Het Hogeland,Groningen
Aduard,Westerkwartier,Groningen
Aerdenhout,Bloemendaal,Noord-Holland
Aerdt,Zevenaar,Gelderland
Afferden,Druten,Gelderland
Afferden L,Bergen,Limburg
Agelo,Dinkelland,Overijssel
Akersloot,Castricum,Noord-Holland
Akkrum,Heerenveen,Friesland
Akmarijp,De Fryske Marren,Friesland
Albergen,Tubbergen,Overijssel
Alblasserdam,Alblasserdam,Zuid-Holland
Alde Leie,Leeuwarden,Friesland
Aldeboarn,Heerenveen,Friesland
Aldtsjerk,Tytsjerksteradiel,Friesland
Aldwâld,Noardeast-Friesland,Friesland
Alem,Maasdriel,Gelderland
Alkmaar,Alkmaar,Noord-Holland
Allingawier,Súdwest-Friesland,Friesland
Almelo,Almelo,Overijssel
Almen,Lochem,Gelderland
Almere,Almere,Flevoland
Almkerk,Altena,Noord-Brabant
Alphen,West Maas en Waal,Gelderland
Alphen,Alphen-Chaam,Noord-Brabant
Alphen aan den Rijn,Alphen aan den Rijn,Zuid-Holland
Alteveer,De Wolden,Drenthe
Alteveer,Stadskanaal,Groningen
Alteveer,Noordenveld,Drenthe
Alteveer gem Hoogeveen,Hoogeveen,Drenthe
Altforst,West Maas en Waal,Gelderland
Ambt Delden,Hof van Twente,Overijssel
Ameide,Vijfheerenlanden,Utrecht
Amen,Aa en Hunze,Drenthe
America,Horst aan de Maas,Limburg
Amerongen,Utrechtse Heuvelrug,Utrecht
Amersfoort,Amersfoort,Utrecht
Ammerstol,Krimpenerwaard,Zuid-Holland
Ammerzoden,Maasdriel,Gelderland
Amstelhoek,De Ronde Venen,Utrecht
Amstelveen,Amstelveen,Noord-Holland
Amstenrade,Beekdaelen,Limburg
Amsterdam,Amsterdam,Noord-Holland
Amsterdam-Duivendrecht,Ouder-Amstel,Noord-Holland
Andel,Altena,Noord-Brabant
Andelst,Overbetuwe,Gelderland
Anderen,Aa en Hunze,Drenthe
Andijk,Medemblik,Noord-Holland
Ane,Hardenberg,Overijssel
Anerveen,Hardenberg,Overijssel
Anevelde,Hardenberg,Overijssel
Angeren,Lingewaard,Gelderland
Angerlo,Zevenaar,Gelderland
Ankeveen,Wijdemeren,Noord-Holland
Anloo,Aa en Hunze,Drenthe
Anna Paulowna,Hollands Kroon,Noord-Holland
Annen,Aa en Hunze,Drenthe
Annerveenschekanaal,Aa en Hunze,Drenthe
Ansen,De Wolden,Drenthe
Ansen,Westerveld,Drenthe
Apeldoorn,Apeldoorn,Gelderland
Appelscha,Ooststellingwerf,Friesland
Appeltern,West Maas en Waal,Gelderland
Appingedam,Eemsdelta,Groningen
Arcen,Venlo,Limburg
Arkel,Molenlanden,Zuid-Holland
Arnemuiden,Middelburg,Zeeland
Arnhem,Arnhem,Gelderland
Arriën,Ommen,Overijssel
Arum,Súdwest-Friesland,Friesland
Asch,Buren,Gelderland
Asperen,West Betuwe,Gelderland
Assen,Assen,Drenthe
Assendelft,Zaanstad,Noord-Holland
Asten,Asten,Noord-Brabant
Augsbuert-Lytsewâld,Noardeast-Friesland,Friesland
Augustinusga,Achtkarspelen,Friesland
Austerlitz,Zeist,Utrecht
Avenhorn,Koggenland,Noord-Holland
Axel,Terneuzen,Zeeland
Azewijn,Montferland,Gelderland
Baaiduinen,Terschelling,Friesland
Baaium,Waadhoeke,Friesland
Baak,Bronckhorst,Gelderland
Baambrugge,De Ronde Venen,Utrecht
Baard,Leeuwarden,Friesland
Baarland,Borsele,Zeeland
Baarle-Nassau,Baarle-Nassau,Noord-Brabant
Baarlo,Peel en Maas,Limburg
Baarlo,Steenwijkerland,Overijssel
Baarn,Baarn,Utrecht
Baars,Steenwijkerland,Overijssel
Babberich,Zevenaar,Gelderland
Babyloniënbroek,Altena,Noord-Brabant
Bad Nieuweschans,Oldambt,Groningen
Badhoevedorp,Haarlemmermeer,Noord-Holland
Baexem,Leudal,Limburg
Baflo,Het Hogeland,Groningen
Bakel,Gemert-Bakel,Noord-Brabant
Bakhuizen,De Fryske Marren,Friesland
Bakkeveen,Opsterland,Friesland
Balgoij,Wijchen,Gelderland
Balinge,Midden-Drenthe,Drenthe
Balk,De Fryske Marren,Friesland
Balkbrug,Hardenberg,Overijssel
Balloo,Aa en Hunze,Drenthe
Balloërveld,Aa en Hunze,Drenthe
Ballum,Ameland,Friesland
Baneheide,Simpelveld,Limburg
Banholt,Eijsden-Margraten,Limburg
Bant,Noordoostpolder,Flevoland
Bantega,De Fryske Marren,Friesland
Barchem,Lochem,Gelderland
Barendrecht,Barendrecht,Zuid-Holland
Barger-Compascuum,Emmen,Drenthe
Barneveld,Barneveld,Gelderland
Barsingerhorn,Hollands Kroon,Noord-Holland
Basse,Steenwijkerland,Overijssel
Batenburg,Wijchen,Gelderland
Bathmen,Deventer,Overijssel
Bavel,Breda,Noord-Brabant
Bavel AC,Alphen-Chaam,Noord-Brabant
Bears,Leeuwarden,Friesland
Bedum,Het Hogeland,Groningen
Beegden,Maasgouw,Limburg
Beek,Montferland,Gelderland
Beek,Berg en Dal,Gelderland
Beek,Beek,Limburg
Beek en Donk,Laarbeek,Noord-Brabant
Beekbergen,Apeldoorn,Gelderland
Beemte Broekland,Apeldoorn,Gelderland
Beers NB,Land van Cuijk,Noord-Brabant
Beerta,Oldambt,Groningen
Beerze,Ommen,Overijssel
Beerzerveld,Ommen,Overijssel
Beesd,West Betuwe,Gelderland
Beesel,Beesel,Limburg
Beets,Edam-Volendam,Noord-Holland
Beetsterzwaag,Opsterland,Friesland
Beilen,Midden-Drenthe,Drenthe
Beinsdorp,Haarlemmermeer,Noord-Holland
Belfeld,Venlo,Limburg
Bellingwolde,Westerwolde,Groningen
Belt-Schutsloot,Steenwijkerland,Overijssel
Beltrum,Berkelland,Gelderland
Bemelen,Eijsden-Margraten,Limburg
Bemmel,Lingewaard,Gelderland
Beneden-Leeuwen,West Maas en Waal,Gelderland
Bennebroek,Bloemendaal,Noord-Holland
Bennekom,Ede,Gelderland
Benneveld,Coevorden,Drenthe
Benningbroek,Medemblik,Noord-Holland
Benschop,Lopik,Utrecht
Bentelo,Hof van Twente,Overijssel
Benthuizen,Alphen aan den Rijn,Zuid-Holland
Bentveld,Zandvoort,Noord-Holland
Berg en Dal,Berg en Dal,Gelderland
Berg en Terblijt,Valkenburg aan de Geul,Limburg
Bergambacht,Krimpenerwaard,Zuid-Holland
Bergeijk,Bergeijk,Noord-Brabant
Bergen (NH),Bergen,Noord-Holland
Bergen L,Bergen,Limburg
Bergen aan Zee,Bergen,Noord-Holland
Bergen op Zoom,Bergen op Zoom,Noord-Brabant
Bergentheim,Hardenberg,Overijssel
Bergharen,Wijchen,Gelderland
Berghem,Oss,Noord-Brabant
Bergschenhoek,Lansingerland,Zuid-Holland
Beringe,Peel en Maas,Limburg
Berkel en Rodenrijs,Lansingerland,Zuid-Holland
Berkel-Enschot,Tilburg,Noord-Brabant
Berkenwoude,Krimpenerwaard,Zuid-Holland
Berkhout,Koggenland,Noord-Holland
Berlicum,Sint-Michielsgestel,Noord-Brabant
Berltsum,Waadhoeke,Friesland
Bern,Zaltbommel,Gelderland
Best,Best,Noord-Brabant
Beugen,Land van Cuijk,Noord-Brabant
Beuningen,Losser,Overijssel
Beuningen Gld,Beuningen,Gelderland
Beusichem,Buren,Gelderland
Beutenaken,Gulpen-Wittem,Limburg
Beverwijk,Beverwijk,Noord-Holland
Biddinghuizen,Dronten,Flevoland
Bierum,Eemsdelta,Groningen
Biervliet,Sluis,Zeeland
Biervliet,Terneuzen,Zeeland
Biest-Houtakker,Hilvarenbeek,Noord-Brabant
Biezenmortel,Tilburg,Noord-Brabant
Biggekerke,Veere,Zeeland
Bilthoven,De Bilt,Utrecht
Bingelrade,Beekdaelen,Limburg
Bitgum,Waadhoeke,Friesland
Bitgummole,Waadhoeke,Friesland
Bladel,Bladel,Noord-Brabant
Blankenham,Steenwijkerland,Overijssel
Blaricum,Blaricum,Noord-Holland
Blauwestad,Oldambt,Groningen
Blauwhuis,Súdwest-Friesland,Friesland
Bleiswijk,Lansingerland,Zuid-Holland
Blesdijke,Weststellingwerf,Friesland
Bleskensgraaf ca,Molenlanden,Zuid-Holland
Blessum,Waadhoeke,Friesland
Blije,Noardeast-Friesland,Friesland
Blijham,Westerwolde,Groningen
Blitterswijck,Venray,Limburg
Bloemendaal,Bloemendaal,Noord-Holland
Blokker,Hoorn,Noord-Holland
Blokzijl,Steenwijkerland,Overijssel
Boarnwert,Noardeast-Friesland,Friesland
Boazum,Súdwest-Friesland,Friesland
Bocholtz,Simpelveld,Limburg
Bodegraven,Bodegraven-Reeuwijk,Zuid-Holland
Boekel,Boekel,Noord-Brabant
Boelenslaan,Achtkarspelen,Friesland
Boer,Waadhoeke,Friesland
Boerakker,Westerkwartier,Groningen
Boesingheliede,Haarlemmermeer,Noord-Holland
Boijl,Weststellingwerf,Friesland
Boksum,Waadhoeke,Friesland
Bolsward,Súdwest-Friesland,Friesland
Bontebok,Heerenveen,Friesland
Boornbergum,Smallingerland,Friesland
Boornzwaag,De Fryske Marren,Friesland
Borculo,Berkelland,Gelderland
Borger,Borger-Odoorn,Drenthe
Borgercompagnie,Midden-Groningen,Groningen
Borgercompagnie,Veendam,Groningen
Borgsweer,Eemsdelta,Groningen
Born,Sittard-Geleen,Limburg
Borne,Borne,Overijssel
Bornerbroek,Almelo,Overijssel
Borssele,Borsele,Zeeland
Bosch en Duin,Zeist,Utrecht
Boschoord,Westerveld,Drenthe
Boskoop,Alphen aan den Rijn,Zuid-Holland
Bosschenhoofd,Halderberge,Noord-Brabant
Botlek Rotterdam,Rotterdam,Zuid-Holland
Bourtange,Westerwolde,Groningen
Boven-Leeuwen,West Maas en Waal,Gelderland
Bovenkarspel,Stede Broec,Noord-Holland
Bovensmilde,Midden-Drenthe,Drenthe
Boxmeer,Land van Cuijk,Noord-Brabant
Boxtel,Boxtel,Noord-Brabant
Braamt,Montferland,Gelderland
Brakel,Zaltbommel,Gelderland
Brandwijk,Molenlanden,Zuid-Holland
Brantgum,Noardeast-Friesland,Friesland
Breda,Breda,Noord-Brabant
Bredevoort,Aalten,Gelderland
Breedenbroek,Oude IJsselstreek,Gelderland
Breezand,Hollands Kroon,Noord-Holland
Breezanddijk,Súdwest-Friesland,Friesland
Breskens,Sluis,Zeeland
Breukelen,Stichtse Vecht,Utrecht
Breukeleveen,Wijdemeren,Noord-Holland
Brielle,Voorne aan Zee,Zuid-Holland
Briltil,Westerkwartier,Groningen
Britsum,Leeuwarden,Friesland
Britswert,Súdwest-Friesland,Friesland
Broek,De Fryske Marren,Friesland
Broek in Waterland,Waterland,Noord-Holland
Broek op Langedijk,Dijk en Waard,Noord-Holland
Broekhuizen,Meppel,Drenthe
Broekhuizen,Horst aan de Maas,Limburg
Broekhuizenvorst,Horst aan de Maas,Limburg
Broekland,Raalte,Overijssel
Broeksterwâld,Dantumadiel,Friesland
Bronkhorst,Bronckhorst,Gelderland
Bronneger,Borger-Odoorn,Drenthe
Bronnegerveen,Borger-Odoorn,Drenthe
Brouwershaven,Schouwen-Duiveland,Zeeland
Bruchem,Zaltbommel,Gelderland
Brucht,Hardenberg,Overijssel
Bruchterveld,Hardenberg,Overijssel
Bruinehaar,Twenterand,Overijssel
Bruinisse,Schouwen-Duiveland,Zeeland
Brummen,Brummen,Gelderland
Brunssum,Brunssum,Limburg
Bruntinge,Midden-Drenthe,Drenthe
Buchten,Sittard-Geleen,Limburg
Budel,Cranendonck,Noord-Brabant
Budel-Dorplein,Cranendonck,Noord-Brabant
Budel-Schoot,Cranendonck,Noord-Brabant
Buggenum,Leudal,Limburg
Buinen,Borger-Odoorn,Drenthe
Buinerveen,Borger-Odoorn,Drenthe
Buitenkaag,Haarlemmermeer,Noord-Holland
Buitenpost,Achtkarspelen,Friesland
Bunde,Meerssen,Limburg
Bunne,Tynaarlo,Drenthe
Bunnik,Bunnik,Utrecht
Bunschoten-Spakenburg,Bunschoten,Utrecht
Burdaard,Noardeast-Friesland,Friesland
Buren,Buren,Gelderland
Buren,Ameland,Friesland
Burgerbrug,Schagen,Noord-Holland
Burgerveen,Haarlemmermeer,Noord-Holland
Burgh-Haamstede,Schouwen-Duiveland,Zeeland
Burgum,Tytsjerksteradiel,Friesland
Burgwerd,Súdwest-Friesland,Friesland
Burum,Noardeast-Friesland,Friesland
Bussum,Gooise Meren,Noord-Holland
Buurmalsen,West Betuwe,Gelderland
Buurmalsen,Buren,Gelderland
Cadier en Keer,Eijsden-Margraten,Limburg
Cadzand,Sluis,Zeeland
Callantsoog,Schagen,Noord-Holland
Capelle aan den IJssel,Capelle aan den IJssel,Zuid-Holland
Castelre,Baarle-Nassau,Noord-Brabant
Castenray,Venray,Limburg
Casteren,Bladel,Noord-Brabant
Castricum,Castricum,Noord-Holland
Chaam,Alphen-Chaam,Noord-Brabant
Clinge,Hulst,Zeeland
Coevorden,Coevorden,Drenthe
Colijnsplaat,Noord-Beveland,Zeeland
Collendoorn,Hardenberg,Overijssel
Colmschate,Deventer,Overijssel
Cornwerd,Súdwest-Friesland,Friesland
Cothen,Wijk bij Duurstede,Utrecht
Creil,Noordoostpolder,Flevoland
Cromvoirt,Vught,Noord-Brabant
Cruquius,Haarlemmermeer,Noord-Holland
Cuijk,Land van Cuijk,Noord-Brabant
Culemborg,Culemborg,Gelderland
Daarle,Hellendoorn,Overijssel
Daarlerveen,Hellendoorn,Overijssel
Dalem,Gorinchem,Zuid-Holland
Dalen,Coevorden,Drenthe
Dalerpeel,Coevorden,Drenthe
Dalerveen,Coevorden,Drenthe
Dalfsen,Dalfsen,Overijssel
Dalmsholte,Ommen,Overijssel
Damwâld,Dantumadiel,Friesland
Darp,Westerveld,Drenthe
De Bilt,De Bilt,Utrecht
De Blesse,Weststellingwerf,Friesland
De Bult,Steenwijkerland,Overijssel
De Cocksdorp,Texel,Noord-Holland
De Falom,Dantumadiel,Friesland
De Glind,Barneveld,Gelderland
De Goorn,Koggenland,Noord-Holland
De Groeve,Tynaarlo,Drenthe
De Heen,Steenbergen,Noord-Brabant
De Heurne,Aalten,Gelderland
De Hoeve,Weststellingwerf,Friesland
De Kiel,Coevorden,Drenthe
De Klomp,Ede,Gelderland
De Knipe,Heerenveen,Friesland
De Koog,Texel,Noord-Holland
De Krim,Hardenberg,Overijssel
De Kwakel,Uithoorn,Noord-Holland
De Lier,Westland,Zuid-Holland
De Meern,Utrecht,Utrecht
De Moer,Loon op Zand,Noord-Brabant
De Mortel,Gemert-Bakel,Noord-Brabant
De Pol,Steenwijkerland,Overijssel
De Punt,Tynaarlo,Drenthe
De Rijp,Alkmaar,Noord-Holland
De Rips,Gemert-Bakel,Noord-Brabant
De Schiphorst,Meppel,Drenthe
De Steeg,Rheden,Gelderland
De Tike,Smallingerland,Friesland
De Trieme,Noardeast-Friesland,Friesland
De Veenhoop,Smallingerland,Friesland
De Waal,Texel,Noord-Holland
De Weere,Opmeer,Noord-Holland
De Westereen,Dantumadiel,Friesland
De Wilgen,Smallingerland,Friesland
De Wilp,Westerkwartier,Groningen
De Zilk,Noordwijk,Zuid-Holland
Dearsum,Súdwest-Friesland,Friesland
Dedemsvaart,Hardenberg,Overijssel
Dedgum,Súdwest-Friesland,Friesland
Deelen,Ede,Gelderland
Deest,Druten,Gelderland
Deil,West Betuwe,Gelderland
Deinum,Waadhoeke,Friesland
Delden,Hof van Twente,Overijssel
Delfgauw,Pijnacker-Nootdorp,Zuid-Holland
Delfstrahuizen,De Fryske Marren,Friesland
Delft,Delft,Zuid-Holland
Delfzijl,Eemsdelta,Groningen
Delwijnen,Zaltbommel,Gelderland
Demen,Oss,Noord-Brabant
Den Andel,Het Hogeland,Groningen
Den Bommel,Goeree-Overflakkee,Zuid-Holland
Den Burg,Texel,Noord-Holland
Den Dolder,Zeist,Utrecht
Den Dungen,Sint-Michielsgestel,Noord-Brabant
Den Ham,Westerkwartier,Groningen
Den Ham,Twenterand,Overijssel
Den Helder,Den Helder,Noord-Holland
Den Hoorn,Texel,Noord-Holland
Den Hoorn,Midden-Delfland,Zuid-Holland
Den Horn,Westerkwartier,Groningen
Den Hout,Oosterhout,Noord-Brabant
Den Ilp,Landsmeer,Noord-Holland
Den Oever,Hollands Kroon,Noord-Holland
Den Velde,Hardenberg,Overijssel
Denekamp,Dinkelland,Overijssel
Deurne,Deurne,Noord-Brabant
Deurningen,Dinkelland,Overijssel
Deurningen,Oldenzaal,Overijssel
Deursen-Dennenburg,Oss,Noord-Brabant
Deurze,Aa en Hunze,Drenthe
Deventer,Deventer,Overijssel
Didam,Montferland,Gelderland
Dieden,Oss,Noord-Brabant
Diemen,Diemen,Noord-Holland
Diepenheim,Hof van Twente,Overijssel
Diepenveen,Deventer,Overijssel
Dieren,Rheden,Gelderland
Diessen,Hilvarenbeek,Noord-Brabant
Diever,Westerveld,Drenthe
Dieverbrug,Westerveld,Drenthe
Diffelen,Hardenberg,Overijssel
Dijken,De Fryske Marren,Friesland
Dinteloord,Steenbergen,Noord-Brabant
Dinxperlo,Aalten,Gelderland
Diphoorn,Coevorden,Drenthe
Dirkshorn,Schagen,Noord-Holland
Dirksland,Goeree-Overflakkee,Zuid-Holland
Dodewaard,Neder-Betuwe,Gelderland
Doenrade,Beekdaelen,Limburg
Doesburg,Doesburg,Gelderland
Doetinchem,Doetinchem,Gelderland
Doeveren,Heusden,Noord-Brabant
Doezum,Westerkwartier,Groningen
Dokkum,Noardeast-Friesland,Friesland
Doldersum,Westerveld,Drenthe
Domburg,Veere,Zeeland
Donderen,Tynaarlo,Drenthe
Dongen,Dongen,Noord-Brabant
Dongjum,Waadhoeke,Friesland
Doniaga,De Fryske Marren,Friesland
Donkerbroek,Ooststellingwerf,Friesland
Doorn,Utrechtse Heuvelrug,Utrecht
Doornenburg,Lingewaard,Gelderland
Doornspijk,Elburg,Gelderland
Doorwerth,Renkum,Gelderland
Dordrecht,Dordrecht,Zuid-Holland
Dorst,Oosterhout,Noord-Brabant
Drachten,Smallingerland,Friesland
Drachten-Azeven,Opsterland,Friesland
Drachtstercompagnie,Smallingerland,Friesland
Dreischor,Schouwen-Duiveland,Zeeland
Drempt,Bronckhorst,Gelderland
Dreumel,West Maas en Waal,Gelderland
Driebergen-Rijsenburg,Utrechtse Heuvelrug,Utrecht
Drieborg,Oldambt,Groningen
Driebruggen,Bodegraven-Reeuwijk,Zuid-Holland
Driehuis NH,Velsen,Noord-Holland
Driehuizen,Alkmaar,Noord-Holland
Driel,Overbetuwe,Gelderland
Driewegen,Borsele,Zeeland
Driezum,Dantumadiel,Friesland
Drijber,Midden-Drenthe,Drenthe
Drimmelen,Drimmelen,Noord-Brabant
Drogeham,Achtkarspelen,Friesland
Drogteropslagen,De Wolden,Drenthe
Drongelen,Altena,Noord-Brabant
Dronryp,Waadhoeke,Friesland
Dronten,Dronten,Flevoland
Drouwen,Borger-Odoorn,Drenthe
Drouwenermond,Borger-Odoorn,Drenthe
Drouwenerveen,Borger-Odoorn,Drenthe
Drunen,Heusden,Noord-Brabant
Druten,Druten,Gelderland
Duiven,Duiven,Gelderland
Duivendrecht,Ouder-Amstel,Noord-Holland
Duizel,Eersel,Noord-Brabant
Dussen,Altena,Noord-Brabant
Dwingeloo,Westerveld,Drenthe
Eagum,Leeuwarden,Friesland
Eanjum,Noardeast-Friesland,Friesland
Earnewâld,Tytsjerksteradiel,Friesland
Easterein,Súdwest-Friesland,Friesland
Easterlittens,Leeuwarden,Friesland
Eastermar,Tytsjerksteradiel,Friesland
Easternijtsjerk,Noardeast-Friesland,Friesland
Easterwierrum,Súdwest-Friesland,Friesland
Eastrum,Noardeast-Friesland,Friesland
Echt,Echt-Susteren,Limburg
Echteld,Neder-Betuwe,Gelderland
Echten,De Fryske Marren,Friesland
Echten,De Wolden,Drenthe
Echtenerbrug,De Fryske Marren,Friesland
Eck en Wiel,Buren,Gelderland
Eckelrade,Eijsden-Margraten,Limburg
Edam,Edam-Volendam,Noord-Holland
Ede,Ede,Gelderland
Ederveen,Ede,Gelderland
Eede,Sluis,Zeeland
Eefde,Lochem,Gelderland
Eelde,Tynaarlo,Drenthe
Eelderwolde,Tynaarlo,Drenthe
Eemdijk,Bunschoten,Utrecht
Eemnes,Eemnes,Utrecht
Eemshaven,Het Hogeland,Groningen
Een,Noordenveld,Drenthe
Een-West,Noordenveld,Drenthe
Eenrum,Het Hogeland,Groningen
Eenum,Eemsdelta,Groningen
Eerbeek,Brummen,Gelderland
Eersel,Eersel,Noord-Brabant
Ees,Borger-Odoorn,Drenthe
Eesergroen,Borger-Odoorn,Drenthe
Eeserveen,Borger-Odoorn,Drenthe
Eesterga,De Fryske Marren,Friesland
Eesveen,Steenwijkerland,Overijssel
Eethen,Altena,Noord-Brabant
Eext,Aa en Hunze,Drenthe
Eexterveen,Aa en Hunze,Drenthe
Eexterveenschekanaal,Aa en Hunze,Drenthe
Eexterzandvoort,Aa en Hunze,Drenthe
Egchel,Peel en Maas,Limburg
Egmond aan Zee,Bergen,Noord-Holland
Egmond aan den Hoef,Bergen,Noord-Holland
Egmond-Binnen,Bergen,Noord-Holland
Eibergen,Berkelland,Gelderland
Eijsden,Eijsden-Margraten,Limburg
Eindhoven,Eindhoven,Noord-Brabant
Einighausen,Sittard-Geleen,Limburg
Ekehaar,Aa en Hunze,Drenthe
Elahuizen,De Fryske Marren,Friesland
Elburg,Elburg,Gelderland
Eldersloo,Aa en Hunze,Drenthe
Eleveld,Aa en Hunze,Drenthe
Elim,Hoogeveen,Drenthe
Elkenrade,Gulpen-Wittem,Limburg
Ell,Leudal,Limburg
Ellecom,Rheden,Gelderland
Ellemeet,Schouwen-Duiveland,Zeeland
Ellertshaar,Borger-Odoorn,Drenthe
Ellewoutsdijk,Borsele,Zeeland
Elp,Midden-Drenthe,Drenthe
Elsendorp,Gemert-Bakel,Noord-Brabant
Elshout,Heusden,Noord-Brabant
Elsloo,Ooststellingwerf,Friesland
Elsloo,Stein,Limburg
Elspeet,Nunspeet,Gelderland
Elst,Overbetuwe,Gelderland
Elst Ut,Rhenen,Utrecht
Emmeloord,Noordoostpolder,Flevoland
Emmen,Emmen,Drenthe
Emmer-Compascuum,Emmen,Drenthe
Empe,Brummen,Gelderland
Emst,Epe,Gelderland
Enkhuizen,Enkhuizen,Noord-Holland
Ens,Noordoostpolder,Flevoland
Enschede,Enschede,Overijssel
Enspijk,West Betuwe,Gelderland
Enter,Wierden,Overijssel
Enumatil,Westerkwartier,Groningen
Epe,Epe,Gelderland
Epen,Gulpen-Wittem,Limburg
Eppenhuizen,Het Hogeland,Groningen
Epse,Lochem,Gelderland
Erica,Emmen,Drenthe
Erichem,Buren,Gelderland
Erlecom,Berg en Dal,Gelderland
Erm,Coevorden,Drenthe
Ermelo,Ermelo,Gelderland
Erp,Meierijstad,Noord-Brabant
Esbeek,Hilvarenbeek,Noord-Brabant
Esch,Boxtel,Noord-Brabant
Escharen,Land van Cuijk,Noord-Brabant
Espel,Noordoostpolder,Flevoland
Est,West Betuwe,Gelderland
Etten,Oude IJsselstreek,Gelderland
Etten-Leur,Etten-Leur,Noord-Brabant
Europoort Rotterdam,Rotterdam,Zuid-Holland
Eursinge,De Wolden,Drenthe
Eursinge,Midden-Drenthe,Drenthe
Everdingen,Vijfheerenlanden,Utrecht
Evertsoord,Horst aan de Maas,Limburg
Ewijk,Beuningen,Gelderland
Exloo,Borger-Odoorn,Drenthe
Exloërveen,Borger-Odoorn,Drenthe
Exmorra,Súdwest-Friesland,Friesland
Eygelshoven,Kerkrade,Limburg
Eys,Gulpen-Wittem,Limburg
Ezinge,Westerkwartier,Groningen
Farmsum,Eemsdelta,Groningen
Feankleaster,Noardeast-Friesland,Friesland
Feanwâlden,Dantumadiel,Friesland
Feerwerd,Westerkwartier,Groningen
Feinsum,Leeuwarden,Friesland
Ferwert,Noardeast-Friesland,Friesland
Ferwoude,Súdwest-Friesland,Friesland
Fijnaart,Moerdijk,Noord-Brabant
Finsterwolde,Oldambt,Groningen
Firdgum,Waadhoeke,Friesland
Fleringen,Tubbergen,Overijssel
Fluitenberg,Hoogeveen,Drenthe
Fochteloo,Ooststellingwerf,Friesland
Follega,De Fryske Marren,Friesland
Folsgare,Súdwest-Friesland,Friesland
Formerum,Terschelling,Friesland
Foudgum,Noardeast-Friesland,Friesland
Foxhol,Midden-Groningen,Groningen
Foxwolde,Noordenveld,Drenthe
Franeker,Waadhoeke,Friesland
Frederiksoord,Westerveld,Drenthe
Friens,Leeuwarden,Friesland
Frieschepalen,Opsterland,Friesland
Froombosch,Midden-Groningen,Groningen
Gaanderen,Doetinchem,Gelderland
Gaast,Súdwest-Friesland,Friesland
Gaastemeer,Súdwest-Friesland,Friesland
Galder,Alphen-Chaam,Noord-Brabant
Gameren,Zaltbommel,Gelderland
Gapinge,Veere,Zeeland
Garderen,Barneveld,Gelderland
Garmerwolde,Groningen,Groningen
Garminge,Midden-Drenthe,Drenthe
Garnwerd,Westerkwartier,Groningen
Garrelsweer,Eemsdelta,Groningen
Garsthuizen,Eemsdelta,Groningen
Garyp,Tytsjerksteradiel,Friesland
Gassel,Land van Cuijk,Noord-Brabant
Gasselte,Aa en Hunze,Drenthe
Gasselternijveen,Aa en Hunze,Drenthe
Gasselternijveenschemond,Aa en Hunze,Drenthe
Gastel,Cranendonck,Noord-Brabant
Gasteren,Aa en Hunze,Drenthe
Gauw,Súdwest-Friesland,Friesland
Geelbroek,Aa en Hunze,Drenthe
Geerdijk,Twenterand,Overijssel
Geersdijk,Noord-Beveland,Zeeland
Geertruidenberg,Geertruidenberg,Noord-Brabant
Geervliet,Nissewaard,Zuid-Holland
Gees,Coevorden,Drenthe
Geesbrug,Coevorden,Drenthe
Geesteren,Berkelland,Gelderland
Geesteren,Tubbergen,Overijssel
Geeuwenbrug,Westerveld,Drenthe
Geffen,Oss,Noord-Brabant
Geijsteren,Venray,Limburg
Geldermalsen,West Betuwe,Gelderland
Gelderswoude,Zoeterwoude,Zuid-Holland
Geldrop,Geldrop-Mierlo,Noord-Brabant
Geleen,Sittard-Geleen,Limburg
Gellicum,West Betuwe,Gelderland
Gelselaar,Berkelland,Gelderland
Gemert,Gemert-Bakel,Noord-Brabant
Gemonde,Sint-Michielsgestel,Noord-Brabant
Genderen,Altena,Noord-Brabant
Gendringen,Oude IJsselstreek,Gelderland
Gendt,Lingewaard,Gelderland
Genemuiden,Zwartewaterland,Overijssel
Gennep,Gennep,Limburg
Gerkesklooster,Achtkarspelen,Friesland
Gersloot,Heerenveen,Friesland
Geulle,Meerssen,Limburg
Giesbeek,Zevenaar,Gelderland
Giessen,Altena,Noord-Brabant
Giessenburg,Molenlanden,Zuid-Holland
Gieten,Aa en Hunze,Drenthe
Gieterveen,Aa en Hunze,Drenthe
Giethmen,Ommen,Overijssel
Giethoorn,Steenwijkerland,Overijssel
Gilze,Gilze en Rijen,Noord-Brabant
Ginnum,Noardeast-Friesland,Friesland
Glane,Losser,Overijssel
Glimmen,Groningen,Groningen
Godlinze,Eemsdelta,Groningen
Goedereede,Goeree-Overflakkee,Zuid-Holland
Goes,Goes,Zeeland
Goingarijp,De Fryske Marren,Friesland
Goirle,Goirle,Noord-Brabant
Goor,Hof van Twente,Overijssel
Gorinchem,Gorinchem,Zuid-Holland
Gorredijk,Opsterland,Friesland
Gorssel,Lochem,Gelderland
Gouda,Gouda,Zuid-Holland
Gouderak,Krimpenerwaard,Zuid-Holland
Goudriaan,Molenlanden,Zuid-Holland
Goudswaard,Hoeksche Waard,Zuid-Holland
Goutum,Leeuwarden,Friesland
Goënga,Súdwest-Friesland,Friesland
Goëngahuizen,Smallingerland,Friesland
Graauw,Hulst,Zeeland
Grafhorst,Kampen,Overijssel
Graft,Alkmaar,Noord-Holland
Gramsbergen,Hardenberg,Overijssel
Grashoek,Peel en Maas,Limburg
Grathem,Leudal,Limburg
Grave,Land van Cuijk,Noord-Brabant
Greonterp,Súdwest-Friesland,Friesland
Grevenbicht,Sittard-Geleen,Limburg
Griendtsveen,Horst aan de Maas,Limburg
Grijpskerk,Westerkwartier,Groningen
Grijpskerke,Veere,Zeeland
Groede,Sluis,Zeeland
Groenekan,De Bilt,Utrecht
Groeningen,Land van Cuijk,Noord-Brabant
Groenlo,Oost Gelre,Gelderland
Groesbeek,Berg en Dal,Gelderland
Groessen,Duiven,Gelderland
Groet,Bergen,Noord-Holland
Grolloo,Aa en Hunze,Drenthe
Groningen,Groningen,Groningen
Gronsveld,Eijsden-Margraten,Limburg
Groot-Ammers,Molenlanden,Zuid-Holland
Grootebroek,Stede Broec,Noord-Holland
Grootegast,Westerkwartier,Groningen
Grootschermer,Alkmaar,Noord-Holland
Grou,Leeuwarden,Friesland
Grubbenvorst,Horst aan de Maas,Limburg
Gulpen,Gulpen-Wittem,Limburg
Guttecoven,Sittard-Geleen,Limburg
Gytsjerk,Tytsjerksteradiel,Friesland
Haaften,West Betuwe,Gelderland
Haaksbergen,Haaksbergen,Overijssel
Haalderen,Lingewaard,Gelderland
Haaren,Oisterwijk,Noord-Brabant
Haarle,Tubbergen,Overijssel
Haarle,Hellendoorn,Overijssel
Haarlem,Haarlem,Noord-Holland
Haarlemmerliede,Haarlemmermeer,Noord-Holland
Haarlo,Berkelland,Gelderland
Haarsteeg,Heusden,Noord-Brabant
Haarzuilens,Utrecht,Utrecht
Haastrecht,Krimpenerwaard,Zuid-Holland
Haelen,Leudal,Limburg
Hagestein,Vijfheerenlanden,Utrecht
Haghorst,Hilvarenbeek,Noord-Brabant
Haler,Leudal,Limburg
Halfweg,Haarlemmermeer,Noord-Holland
Hall,Brummen,Gelderland
Halle,Bronckhorst,Gelderland
Hallum,Noardeast-Friesland,Friesland
Halsteren,Bergen op Zoom,Noord-Brabant
Handel,Gemert-Bakel,Noord-Brabant
Hank,Altena,Noord-Brabant
Hansweert,Reimerswaal,Zeeland
Hantum,Noardeast-Friesland,Friesland
Hantumerútbuorren,Noardeast-Friesland,Friesland
Hantumhuzen,Noardeast-Friesland,Friesland
Hapert,Bladel,Noord-Brabant
Haps,Land van Cuijk,Noord-Brabant
Harbrinkhoek,Tubbergen,Overijssel
Hardenberg,Hardenberg,Overijssel
Harderwijk,Harderwijk,Gelderland
Hardinxveld-Giessendam,Hardinxveld-Giessendam,Zuid-Holland
Haren,Oss,Noord-Brabant
Haren,Groningen,Groningen
Harfsen,Lochem,Gelderland
Harich,De Fryske Marren,Friesland
Haringhuizen,Hollands Kroon,Noord-Holland
Harkema,Achtkarspelen,Friesland
Harkstede,Midden-Groningen,Groningen
Harkstede GN,Groningen,Groningen
Harlingen,Harlingen,Friesland
Harmelen,Woerden,Utrecht
Harreveld,Oost Gelre,Gelderland
Harskamp,Ede,Gelderland
Hartwerd,Súdwest-Friesland,Friesland
Haskerdijken,Heerenveen,Friesland
Haskerhorne,De Fryske Marren,Friesland
Hasselt,Zwartewaterland,Overijssel
Hattem,Hattem,Gelderland
Hattemerbroek,Oldebroek,Gelderland
Haule,Ooststellingwerf,Friesland
Haulerwijk,Ooststellingwerf,Friesland
Hauwert,Medemblik,Noord-Holland
Havelte,Westerveld,Drenthe
Havelterberg,Westerveld,Drenthe
Hazerswoude-Dorp,Alphen aan den Rijn,Zuid-Holland
Hazerswoude-Rijndijk,Alphen aan den Rijn,Zuid-Holland
Hedel,Maasdriel,Gelderland
Hedikhuizen,Heusden,Noord-Brabant
Hee,Terschelling,Friesland
Heeg,Súdwest-Friesland,Friesland
Heel,Maasgouw,Limburg
Heelsum,Renkum,Gelderland
Heelweg,Oude IJsselstreek,Gelderland
Heemserveen,Hardenberg,Overijssel
Heemskerk,Heemskerk,Noord-Holland
Heemstede,Heemstede,Noord-Holland
Heenvliet,Nissewaard,Zuid-Holland
Heerde,Heerde,Gelderland
Heerenveen,Heerenveen,Friesland
Heerewaarden,Maasdriel,Gelderland
Heerhugowaard,Dijk en Waard,Noord-Holland
Heerjansdam,Zwijndrecht,Zuid-Holland
Heerle,Roosendaal,Noord-Brabant
Heerlen,Heerlen,Limburg
Heesbeen,Heusden,Noord-Brabant
Heesch,Bernheze,Noord-Brabant
Heesselt,West Betuwe,Gelderland
Heeswijk-Dinther,Bernheze,Noord-Brabant
Heeten,Raalte,Overijssel
Heeze,Heeze-Leende,Noord-Brabant
Hegebeintum,Noardeast-Friesland,Friesland
Hegelsom,Horst aan de Maas,Limburg
Hei- en Boeicop,Vijfheerenlanden,Utrecht
Heibloem,Leudal,Limburg
Heide,Venray,Limburg
Heijen,Gennep,Limburg
Heijenrath,Gulpen-Wittem,Limburg
Heijningen,Moerdijk,Noord-Brabant
Heikant,Hulst,Zeeland
Heilig Landstichting,Berg en Dal,Gelderland
Heiligerlee,Oldambt,Groningen
Heiloo,Heiloo,Noord-Holland
Heinenoord,Hoeksche Waard,Zuid-Holland
Heinkenszand,Borsele,Zeeland
Heino,Raalte,Overijssel
Hekelingen,Nissewaard,Zuid-Holland
Hekendorp,Oudewater,Utrecht
Helden,Peel en Maas,Limburg
Helenaveen,Deurne,Noord-Brabant
Hellendoorn,Hellendoorn,Overijssel
Hellevoetsluis,Voorne aan Zee,Zuid-Holland
Hellouw,West Betuwe,Gelderland
Hellum,Midden-Groningen,Groningen
Helmond,Helmond,Noord-Brabant
Helvoirt,Vught,Noord-Brabant
Hem,Drechterland,Noord-Holland
Hemelum,Súdwest-Friesland,Friesland
Hemmen,Overbetuwe,Gelderland
Hempens,Leeuwarden,Friesland
Hemrik,Opsterland,Friesland
Hendrik-Ido-Ambacht,Hendrik-Ido-Ambacht,Zuid-Holland
Hengelo,Hengelo,Overijssel
Hengelo (Gld),Bronckhorst,Gelderland
Hengevelde,Hof van Twente,Overijssel
Hengstdijk,Hulst,Zeeland
Hensbroek,Koggenland,Noord-Holland
Herbaijum,Waadhoeke,Friesland
Herkenbosch,Roerdalen,Limburg
Herkingen,Goeree-Overflakkee,Zuid-Holland
Hernen,Wijchen,Gelderland
Herpen,Oss,Noord-Brabant
Herpt,Heusden,Noord-Brabant
Herten,Roermond,Limburg
Hertme,Borne,Overijssel
Herveld,Overbetuwe,Gelderland
Herwen,Zevenaar,Gelderland
Herwijnen,West Betuwe,Gelderland
Heteren,Overbetuwe,Gelderland
Heukelom,Oisterwijk,Noord-Brabant
Heukelum,West Betuwe,Gelderland
Heumen,Heumen,Gelderland
Heusden,Heusden,Noord-Brabant
Heusden,Asten,Noord-Brabant
Heveadorp,Renkum,Gelderland
Heythuysen,Leudal,Limburg
Hezingen,Tubbergen,Overijssel
Hiaure,Noardeast-Friesland,Friesland
Hichtum,Súdwest-Friesland,Friesland
Hidaard,Súdwest-Friesland,Friesland
Hierden,Harderwijk,Gelderland
Hieslum,Súdwest-Friesland,Friesland
Hijken,Midden-Drenthe,Drenthe
Hijum,Leeuwarden,Friesland
Hilaard,Leeuwarden,Friesland
Hillegom,Hillegom,Zuid-Holland
Hilvarenbeek,Hilvarenbeek,Noord-Brabant
Hilversum,Hilversum,Noord-Holland
Hindeloopen,Súdwest-Friesland,Friesland
Hinnaard,Súdwest-Friesland,Friesland
Hippolytushoef,Hollands Kroon,Noord-Holland
Hitzum,Waadhoeke,Friesland
Hobrede,Edam-Volendam,Noord-Holland
Hoedekenskerke,Borsele,Zeeland
Hoef en Haag,Vijfheerenlanden,Utrecht
Hoek,Terneuzen,Zeeland
Hoek van Holland,Rotterdam,Zuid-Holland
Hoenderloo,Apeldoorn,Gelderland
Hoenderloo,Ede,Gelderland
Hoensbroek,Heerlen,Limburg
Hoenzadriel,Maasdriel,Gelderland
Hoevelaken,Nijkerk,Gelderland
Hoeven,Halderberge,Noord-Brabant
Hoge Hexel,Wierden,Overijssel
Hollandsche Rading,De Bilt,Utrecht
Hollandscheveld,Hoogeveen,Drenthe
Hollum,Ameland,Friesland
Holsloot,Coevorden,Drenthe
Holten,Rijssen-Holten,Overijssel
Holthees,Land van Cuijk,Noord-Brabant
Holtheme,Hardenberg,Overijssel
Holthone,Hardenberg,Overijssel
Holtum,Sittard-Geleen,Limburg
Holwert,Noardeast-Friesland,Friesland
Holwierde,Eemsdelta,Groningen
Hommerts,Súdwest-Friesland,Friesland
Homoet,Overbetuwe,Gelderland
Honselersdijk,Westland,Zuid-Holland
Hoofddorp,Haarlemmermeer,Noord-Holland
Hoofdplaat,Sluis,Zeeland
Hoog Soeren,Apeldoorn,Gelderland
Hoog-Keppel,Bronckhorst,Gelderland
Hoogblokland,Molenlanden,Zuid-Holland
Hooge Mierde,Reusel-De Mierden,Noord-Brabant
Hooge Zwaluwe,Drimmelen,Noord-Brabant
Hoogeloon,Bladel,Noord-Brabant
Hoogenweg,Hardenberg,Overijssel
Hoogerheide,Woensdrecht,Noord-Brabant
Hoogersmilde,Midden-Drenthe,Drenthe
Hoogersmilde,Westerveld,Drenthe
Hoogeveen,Hoogeveen,Drenthe
Hoogezand,Midden-Groningen,Groningen
Hooghalen,Midden-Drenthe,Drenthe
Hoogkarspel,Drechterland,Noord-Holland
Hoogland,Amersfoort,Utrecht
Hooglanderveen,Amersfoort,Utrecht
Hoogmade,Kaag en Braassem,Zuid-Holland
Hoogvliet Rotterdam,Rotterdam,Zuid-Holland
Hoogwoud,Opmeer,Noord-Holland
Hoorn,Terschelling,Friesland
Hoorn,Hoorn,Noord-Holland
Hoornaar,Molenlanden,Zuid-Holland
Hoornsterzwaag / Hoarnstersweach,Heerenveen,Friesland
Horn,Leudal,Limburg
Hornhuizen,Het Hogeland,Groningen
Horssen,Druten,Gelderland
Horst,Horst aan de Maas,Limburg
Houten,Houten,Utrecht
Houtigehage,Smallingerland,Friesland
Houwerzijl,Het Hogeland,Groningen
Huijbergen,Woensdrecht,Noord-Brabant
Huis ter Heide,Noordenveld,Drenthe
Huis ter Heide,Zeist,Utrecht
Huisduinen,Den Helder,Noord-Holland
Huisseling,Oss,Noord-Brabant
Huissen,Lingewaard,Gelderland
Huizen,Huizen,Noord-Holland
Huizinge,Eemsdelta,Groningen
Hulsberg,Beekdaelen,Limburg
Hulsel,Reusel-De Mierden,Noord-Brabant
Hulshorst,Nunspeet,Gelderland
Hulst,Hulst,Zeeland
Hulten,Gilze en Rijen,Noord-Brabant
Hummelo,Bronckhorst,Gelderland
Hunsel,Leudal,Limburg
Hurdegaryp,Tytsjerksteradiel,Friesland
Hurwenen,Maasdriel,Gelderland
Húns,Leeuwarden,Friesland
IJhorst,Staphorst,Overijssel
IJlst,Súdwest-Friesland,Friesland
IJmuiden,Velsen,Noord-Holland
IJsselham,Steenwijkerland,Overijssel
IJsselmuiden,Kampen,Overijssel
IJsselstein,IJsselstein,Utrecht
IJzendijke,Sluis,Zeeland
IJzendoorn,Neder-Betuwe,Gelderland
Idaerd,Leeuwarden,Friesland
Idsegahuizum,Súdwest-Friesland,Friesland
Idskenhuizen,De Fryske Marren,Friesland
Idzega,Súdwest-Friesland,Friesland
Ie,Noardeast-Friesland,Friesland
Iens,Súdwest-Friesland,Friesland
Ilpendam,Waterland,Noord-Holland
Indijk,Súdwest-Friesland,Friesland
Ingber,Gulpen-Wittem,Limburg
Ingelum,Waadhoeke,Friesland
Ingen,Buren,Gelderland
Ingwierrum,Noardeast-Friesland,Friesland
It Heidenskip,Súdwest-Friesland,Friesland
Itens,Súdwest-Friesland,Friesland
Ittervoort,Leudal,Limburg
Jaarsveld,Lopik,Utrecht
Jabeek,Beekdaelen,Limburg
Jannum,Noardeast-Friesland,Friesland
Jellum,Leeuwarden,Friesland
Jelsum,Leeuwarden,Friesland
Jirnsum,Leeuwarden,Friesland
Jislum,Noardeast-Friesland,Friesland
Jisp,Wormerland,Noord-Holland
Jistrum,Tytsjerksteradiel,Friesland
Jonkerslân,Opsterland,Friesland
Jonkersvaart,Westerkwartier,Groningen
Joppe,Lochem,Gelderland
Jorwert,Leeuwarden,Friesland
Joure,De Fryske Marren,Friesland
Jouswier,Noardeast-Friesland,Friesland
Jubbega,Heerenveen,Friesland
Julianadorp,Den Helder,Noord-Holland
Jutrijp,Súdwest-Friesland,Friesland
Kaag,Kaag en Braassem,Zuid-Holland
Kaard,Terschelling,Friesland
Kaatsheuvel,Loon op Zand,Noord-Brabant
Kalenberg,Steenwijkerland,Overijssel
Kallenkote,Steenwijkerland,Overijssel
Kamerik,Woerden,Utrecht
Kampen,Kampen,Overijssel
Kamperland,Noord-Beveland,Zeeland
Kamperveen,Kampen,Overijssel
Kantens,Het Hogeland,Groningen
Kapel Avezaath,Tiel,Gelderland
Kapel-Avezaath,Buren,Gelderland
Kapelle,Kapelle,Zeeland
Kapellebrug,Hulst,Zeeland
Katlijk,Heerenveen,Friesland
Kats,Noord-Beveland,Zeeland
Kattendijke,Goes,Zeeland
Katwijk,Katwijk,Zuid-Holland
Katwijk NB,Land van Cuijk,Noord-Brabant
Katwoude,Waterland,Noord-Holland
Kedichem,Vijfheerenlanden,Utrecht
Keent,Oss,Noord-Brabant
Keijenborg,Bronckhorst,Gelderland
Kekerdom,Berg en Dal,Gelderland
Kelpen-Oler,Leudal,Limburg
Kerk Avezaath,Tiel,Gelderland
Kerk-Avezaath,Buren,Gelderland
Kerkdriel,Maasdriel,Gelderland
Kerkenveld,De Wolden,Drenthe
Kerkrade,Kerkrade,Limburg
Kerkwerve,Schouwen-Duiveland,Zeeland
Kerkwijk,Zaltbommel,Gelderland
Kessel,Peel en Maas,Limburg
Kesteren,Neder-Betuwe,Gelderland
Kiel-Windeweer,Midden-Groningen,Groningen
Kilder,Montferland,Gelderland
Kimswerd,Súdwest-Friesland,Friesland
Kinderdijk,Molenlanden,Zuid-Holland
Kinnum,Terschelling,Friesland
Klaaswaal,Hoeksche Waard,Zuid-Holland
Klarenbeek,Apeldoorn,Gelderland
Klarenbeek,Voorst,Gelderland
Klazienaveen,Emmen,Drenthe
Klazienaveen-Noord,Emmen,Drenthe
Klein Zundert,Zundert,Noord-Brabant
Klijndijk,Borger-Odoorn,Drenthe
Klimmen,Voerendaal,Limburg
Kloetinge,Goes,Zeeland
Kloetinge,Kapelle,Zeeland
Klooster Lidlum,Waadhoeke,Friesland
Kloosterburen,Het Hogeland,Groningen
Kloosterhaar,Hardenberg,Overijssel
Kloosterhaar,Twenterand,Overijssel
Kloosterzande,Hulst,Zeeland
Klundert,Moerdijk,Noord-Brabant
Knegsel,Eersel,Noord-Brabant
Koarnjum,Leeuwarden,Friesland
Kockengen,Stichtse Vecht,Utrecht
Koedijk,Alkmaar,Noord-Holland
Koedijk,Dijk en Waard,Noord-Holland
Koekange,De Wolden,Drenthe
Koewacht,Terneuzen,Zeeland
Kolderwolde,De Fryske Marren,Friesland
Kolham,Midden-Groningen,Groningen
Kolhorn,Hollands Kroon,Noord-Holland
Kollum,Noardeast-Friesland,Friesland
Kollumerpomp,Noardeast-Friesland,Friesland
Kollumersweach,Noardeast-Friesland,Friesland
Kommerzijl,Westerkwartier,Groningen
Koningsbosch,Echt-Susteren,Limburg
Koningslust,Peel en Maas,Limburg
Koog aan de Zaan,Zaanstad,Noord-Holland
Kootstertille,Achtkarspelen,Friesland
Kootwijk,Barneveld,Gelderland
Kootwijkerbroek,Barneveld,Gelderland
Kornhorn,Westerkwartier,Groningen
Kornwerderzand,Súdwest-Friesland,Friesland
Kortehemmen,Smallingerland,Friesland
Kortenhoef,Wijdemeren,Noord-Holland
Kortgene,Noord-Beveland,Zeeland
Koudekerk aan den Rijn,Alphen aan den Rijn,Zuid-Holland
Koudekerke,Veere,Zeeland
Koudum,Súdwest-Friesland,Friesland
Koufurderrige,Súdwest-Friesland,Friesland
Krabbendijke,Reimerswaal,Zeeland
Kraggenburg,Noordoostpolder,Flevoland
Kreileroord,Hollands Kroon,Noord-Holland
Krewerd,Eemsdelta,Groningen
Krimpen aan de Lek,Krimpenerwaard,Zuid-Holland
Krimpen aan den IJssel,Krimpen aan den IJssel,Zuid-Holland
Kring van Dorth,Lochem,Gelderland
Krommenie,Zaanstad,Noord-Holland
Kronenberg,Horst aan de Maas,Limburg
Kropswolde,Midden-Groningen,Groningen
Kruiningen,Reimerswaal,Zeeland
Kruisland,Steenbergen,Noord-Brabant
Kudelstaart,Aalsmeer,Noord-Holland
Kuinre,Steenwijkerland,Overijssel
Kuitaart,Hulst,Zeeland
Kwadendamme,Borsele,Zeeland
Kwadijk,Edam-Volendam,Noord-Holland
Kwintsheul,Westland,Zuid-Holland
Kûbaard,Súdwest-Friesland,Friesland
Laag Zuthem,Raalte,Overijssel
Laag-Keppel,Bronckhorst,Gelderland
Laag-Soeren,Rheden,Gelderland
Lage Mierde,Reusel-De Mierden,Noord-Brabant
Lage Vuursche,Baarn,Utrecht
Lage Zwaluwe,Drimmelen,Noord-Brabant
Lageland,Midden-Groningen,Groningen
Lageland GN,Groningen,Groningen
Lambertschaag,Medemblik,Noord-Holland
Lamswaarde,Hulst,Zeeland
Landerum,Terschelling,Friesland
Landgraaf,Landgraaf,Limburg
Landhorst,Land van Cuijk,Noord-Brabant
Landsmeer,Landsmeer,Noord-Holland
Langbroek,Wijk bij Duurstede,Utrecht
Langedijke,Ooststellingwerf,Friesland
Langelille,Weststellingwerf,Friesland
Langelo,Noordenveld,Drenthe
Langenboom,Land van Cuijk,Noord-Brabant
Langerak,Molenlanden,Zuid-Holland
Langeveen,Tubbergen,Overijssel
Langeweg,Moerdijk,Noord-Brabant
Langezwaag,Opsterland,Friesland
Langweer,De Fryske Marren,Friesland
Laren,Laren,Noord-Holland
Laren,Lochem,Gelderland
Lathum,Zevenaar,Gelderland
Lattrop-Breklenkamp,Dinkelland,Overijssel
Lauwersoog,Het Hogeland,Groningen
Lauwerzijl,Westerkwartier,Groningen
Ledeacker,Land van Cuijk,Noord-Brabant
Leek,Westerkwartier,Groningen
Leende,Heeze-Leende,Noord-Brabant
Leens,Het Hogeland,Groningen
Leerbroek,Vijfheerenlanden,Utrecht
Leerdam,Vijfheerenlanden,Utrecht
Leermens,Eemsdelta,Groningen
Leersum,Utrechtse Heuvelrug,Utrecht
Leeuwarden,Leeuwarden,Friesland
Legemeer,De Fryske Marren,Friesland
Leiden,Leiden,Zuid-Holland
Leiderdorp,Leiderdorp,Zuid-Holland
Leidschendam,Leidschendam-Voorburg,Zuid-Holland
Leimuiden,Kaag en Braassem,Zuid-Holland
Leimuiderbrug,Haarlemmermeer,Noord-Holland
Lekkerkerk,Krimpenerwaard,Zuid-Holland
Lekkum,Leeuwarden,Friesland
Lellens,Groningen,Groningen
Lelystad,Lelystad,Flevoland
Lemele,Ommen,Overijssel
Lemelerveld,Dalfsen,Overijssel
Lemiers,Vaals,Limburg
Lemmer,De Fryske Marren,Friesland
Lengel,Montferland,Gelderland
Lent,Nijmegen,Gelderland
Leons,Leeuwarden,Friesland
Lepelstraat,Bergen op Zoom,Noord-Brabant
Lettelbert,Westerkwartier,Groningen
Lettele,Deventer,Overijssel
Leunen,Venray,Limburg
Leur,Wijchen,Gelderland
Leusden,Leusden,Utrecht
Leuth,Berg en Dal,Gelderland
Leutingewolde,Noordenveld,Drenthe
Leuvenheim,Brummen,Gelderland
Leveroy,Nederweert,Limburg
Lewedorp,Borsele,Zeeland
Lexmond,Vijfheerenlanden,Utrecht
Lichtaard,Noardeast-Friesland,Friesland
Lichtenvoorde,Oost Gelre,Gelderland
Liempde,Boxtel,Noord-Brabant
Lienden,Buren,Gelderland
Lierderholthuis,Raalte,Overijssel
Lieren,Apeldoorn,Gelderland
Lierop,Someren,Noord-Brabant
Lies,Terschelling,Friesland
Lieshout,Laarbeek,Noord-Brabant
Liessel,Deurne,Noord-Brabant
Lievelde,Oost Gelre,Gelderland
Lieveren,Noordenveld,Drenthe
Lijnden,Haarlemmermeer,Noord-Holland
Limbricht,Sittard-Geleen,Limburg
Limmen,Castricum,Noord-Holland
Linde,De Wolden,Drenthe
Linden,Land van Cuijk,Noord-Brabant
Linne,Maasgouw,Limburg
Linschoten,Montfoort,Utrecht
Lippenhuizen,Opsterland,Friesland
Lisse,Lisse,Zuid-Holland
Lisserbroek,Haarlemmermeer,Noord-Holland
Lith,Oss,Noord-Brabant
Lithoijen,Oss,Noord-Brabant
Ljussens,Noardeast-Friesland,Friesland
Lobith,Zevenaar,Gelderland
Lochem,Lochem,Gelderland
Loenen,Apeldoorn,Gelderland
Loenen aan de Vecht,Stichtse Vecht,Utrecht
Loenersloot,Stichtse Vecht,Utrecht
Loerbeek,Montferland,Gelderland
Lollum,Súdwest-Friesland,Friesland
Lomm,Venlo,Limburg
Longerhouw,Súdwest-Friesland,Friesland
Loo Gld,Duiven,Gelderland
Loo Gld,Lingewaard,Gelderland
Loon,Assen,Drenthe
Loon op Zand,Loon op Zand,Noord-Brabant
Loosbroek,Bernheze,Noord-Brabant
Loosdrecht,Wijdemeren,Noord-Holland
Loozen,Hardenberg,Overijssel
Lopik,Lopik,Utrecht
Lopikerkapel,Lopik,Utrecht
Loppersum,Eemsdelta,Groningen
Losdorp,Eemsdelta,Groningen
Losser,Losser,Overijssel
Lottum,Horst aan de Maas,Limburg
Loënga,Súdwest-Friesland,Friesland
Lucaswolde,Westerkwartier,Groningen
Luddeweer,Midden-Groningen,Groningen
Luinjeberd,Heerenveen,Friesland
Lunteren,Ede,Gelderland
Lutjebroek,Stede Broec,Noord-Holland
Lutjegast,Westerkwartier,Groningen
Lutjewinkel,Hollands Kroon,Noord-Holland
Luttelgeest,Noordoostpolder,Flevoland
Lutten,Hardenberg,Overijssel
Luttenberg,Raalte,Overijssel
Luxwoude,Opsterland,Friesland
Luyksgestel,Bergeijk,Noord-Brabant
Lytsewierrum,Súdwest-Friesland,Friesland
Maarheeze,Cranendonck,Noord-Brabant
Maarn,Utrechtse Heuvelrug,Utrecht
Maarsbergen,Utrechtse Heuvelrug,Utrecht
Maarssen,Stichtse Vecht,Utrecht
Maartensdijk,De Bilt,Utrecht
Maasbommel,West Maas en Waal,Gelderland
Maasbracht,Maasgouw,Limburg
Maasbree,Peel en Maas,Limburg
Maasdam,Hoeksche Waard,Zuid-Holland
Maasdijk,Westland,Zuid-Holland
Maashees,Land van Cuijk,Noord-Brabant
Maasland,Midden-Delfland,Zuid-Holland
Maassluis,Maassluis,Zuid-Holland
Maastricht,Maastricht,Limburg
Maastricht-Airport,Beek,Limburg
Maasvlakte Rotterdam,Rotterdam,Zuid-Holland
Macharen,Oss,Noord-Brabant
Made,Drimmelen,Noord-Brabant
Makkinga,Ooststellingwerf,Friesland
Makkum,Súdwest-Friesland,Friesland
Malden,Heumen,Gelderland
Mander,Tubbergen,Overijssel
Manderveen,Tubbergen,Overijssel
Mantgum,Leeuwarden,Friesland
Mantinge,Midden-Drenthe,Drenthe
Maren-Kessel,Oss,Noord-Brabant
Margraten,Eijsden-Margraten,Limburg
Maria Hoop,Echt-Susteren,Limburg
Mariahout,Laarbeek,Noord-Brabant
Mariaparochie,Tubbergen,Overijssel
Marijenkampen,Steenwijkerland,Overijssel
Mariënberg,Hardenberg,Overijssel
Mariënheem,Raalte,Overijssel
Mariënvelde,Oost Gelre,Gelderland
Markelo,Hof van Twente,Overijssel
Marken,Waterland,Noord-Holland
Markenbinnen,Alkmaar,Noord-Holland
Marknesse,Noordoostpolder,Flevoland
Marle,Olst-Wijhe,Overijssel
Marrum,Noardeast-Friesland,Friesland
Marsum,Waadhoeke,Friesland
Marum,Westerkwartier,Groningen
Marwijksoord,Aa en Hunze,Drenthe
Mastenbroek,Kampen,Overijssel
Mastenbroek,Zwartewaterland,Overijssel
Matsloot,Noordenveld,Drenthe
Maurik,Buren,Gelderland
Mechelen,Gulpen-Wittem,Limburg
Medemblik,Medemblik,Noord-Holland
Meeden,Midden-Groningen,Groningen
Meedhuizen,Eemsdelta,Groningen
Meerkerk,Vijfheerenlanden,Utrecht
Meerlo,Horst aan de Maas,Limburg
Meerssen,Meerssen,Limburg
Meerstad,Groningen,Groningen
Meeuwen,Altena,Noord-Brabant
Megchelen,Oude IJsselstreek,Gelderland
Megen,Oss,Noord-Brabant
Meijel,Peel en Maas,Limburg
Melderslo,Horst aan de Maas,Limburg
Melick,Roerdalen,Limburg
Meliskerke,Veere,Zeeland
Melissant,Goeree-Overflakkee,Zuid-Holland
Menaam,Waadhoeke,Friesland
Mensingeweer,Het Hogeland,Groningen
Meppel,Meppel,Drenthe
Meppen,Coevorden,Drenthe
Merkelbeek,Beekdaelen,Limburg
Merselo,Venray,Limburg
Meteren,West Betuwe,Gelderland
Meterik,Horst aan de Maas,Limburg
Mheer,Eijsden-Margraten,Limburg
Middelaar,Mook en Middelaar,Limburg
Middelburg,Middelburg,Zeeland
Middelharnis,Goeree-Overflakkee,Zuid-Holland
Middelie,Edam-Volendam,Noord-Holland
Middelstum,Eemsdelta,Groningen
Middenbeemster,Purmerend,Noord-Holland
Middenmeer,Hollands Kroon,Noord-Holland
Midlaren,Tynaarlo,Drenthe
Midlum,Harlingen,Friesland
Midsland,Terschelling,Friesland
Midwolda,Oldambt,Groningen
Midwolde,Westerkwartier,Groningen
Midwoud,Medemblik,Noord-Holland
Miedum,Leeuwarden,Friesland
Mierlo,Geldrop-Mierlo,Noord-Brabant
Mijdrecht,De Ronde Venen,Utrecht
Mijnsheerenland,Hoeksche Waard,Zuid-Holland
Mildam,Heerenveen,Friesland
Milheeze,Gemert-Bakel,Noord-Brabant
Mill,Land van Cuijk,Noord-Brabant
Millingen aan de Rijn,Berg en Dal,Gelderland
Milsbeek,Gennep,Limburg
Minnertsga,Waadhoeke,Friesland
Mirns,De Fryske Marren,Friesland
Mitselwier,Noardeast-Friesland,Friesland
Moarre,Noardeast-Friesland,Friesland
Moddergat,Noardeast-Friesland,Friesland
Moerdijk,Moerdijk,Noord-Brabant
Moergestel,Oisterwijk,Noord-Brabant
Moerkapelle,Zuidplas,Zuid-Holland
Moerstraten,Roosendaal,Noord-Brabant
Molenaarsgraaf,Molenlanden,Zuid-Holland
Molenhoek,Mook en Middelaar,Limburg
Molenschot,Gilze en Rijen,Noord-Brabant
Molkwerum,Súdwest-Friesland,Friesland
Monnickendam,Waterland,Noord-Holland
Monster,Westland,Zuid-Holland
Montfoort,Montfoort,Utrecht
Montfort,Roerdalen,Limburg
Mook,Mook en Middelaar,Limburg
Mookhoek,Hoeksche Waard,Zuid-Holland
Moordrecht,Zuidplas,Zuid-Holland
Moorveld,Meerssen,Limburg
Muiden,Gooise Meren,Noord-Holland
Muiderberg,Gooise Meren,Noord-Holland
Munnekeburen,Weststellingwerf,Friesland
Munnekezijl,Noardeast-Friesland,Friesland
Munstergeleen,Sittard-Geleen,Limburg
Muntendam,Midden-Groningen,Groningen
Mussel,Stadskanaal,Groningen
Musselkanaal,Stadskanaal,Groningen
Mûnein,Tytsjerksteradiel,Friesland
Naaldwijk,Westland,Zuid-Holland
Naarden,Gooise Meren,Noord-Holland
Nagele,Noordoostpolder,Flevoland
Nederasselt,Heumen,Gelderland
Nederhemert,Zaltbommel,Gelderland
Nederhorst den Berg,Wijdemeren,Noord-Holland
Nederland,Steenwijkerland,Overijssel
Nederweert,Nederweert,Limburg
Nederweert-Eind,Nederweert,Limburg
Neede,Berkelland,Gelderland
Neer,Leudal,Limburg
Neerijnen,West Betuwe,Gelderland
Neeritter,Leudal,Limburg
Neerkant,Deurne,Noord-Brabant
Neerlangel,Oss,Noord-Brabant
Neerloon,Oss,Noord-Brabant
Nes,Noardeast-Friesland,Friesland
Nes,Heerenveen,Friesland
Nes,Ameland,Friesland
Netersel,Bladel,Noord-Brabant
Netterden,Oude IJsselstreek,Gelderland
Nibbixwoud,Medemblik,Noord-Holland
Niebert,Westerkwartier,Groningen
Niehove,Westerkwartier,Groningen
Niekerk,Het Hogeland,Groningen
Niekerk,Westerkwartier,Groningen
Nietap,Noordenveld,Drenthe
Nieuw Annerveen,Aa en Hunze,Drenthe
Nieuw Beerta,Oldambt,Groningen
Nieuw Scheemda,Oldambt,Groningen
Nieuw- en Sint Joosland,Middelburg,Zeeland
Nieuw-Amsterdam,Emmen,Drenthe
Nieuw-Balinge,Midden-Drenthe,Drenthe
Nieuw-Beijerland,Hoeksche Waard,Zuid-Holland
Nieuw-Buinen,Borger-Odoorn,Drenthe
Nieuw-Dordrecht,Emmen,Drenthe
Nieuw-Heeten,Raalte,Overijssel
Nieuw-Lekkerland,Molenlanden,Zuid-Holland
Nieuw-Namen,Hulst,Zeeland
Nieuw-Roden,Noordenveld,Drenthe
Nieuw-Schoonebeek,Emmen,Drenthe
Nieuw-Vennep,Haarlemmermeer,Noord-Holland
Nieuw-Vossemeer,Steenbergen,Noord-Brabant
Nieuw-Weerdinge,Emmen,Drenthe
Nieuwaal,Zaltbommel,Gelderland
Nieuwdorp,Borsele,Zeeland
Nieuwe Niedorp,Hollands Kroon,Noord-Holland
Nieuwe Pekela,Pekela,Groningen
Nieuwe Wetering,Kaag en Braassem,Zuid-Holland
Nieuwe-Tonge,Goeree-Overflakkee,Zuid-Holland
Nieuwebrug,Heerenveen,Friesland
Nieuwediep,Aa en Hunze,Drenthe
Nieuwegein,Nieuwegein,Utrecht
Nieuwehorne,Heerenveen,Friesland
Nieuwendijk,Altena,Noord-Brabant
Nieuwer Ter Aa,Stichtse Vecht,Utrecht
Nieuwerbrug aan den Rijn,Bodegraven-Reeuwijk,Zuid-Holland
Nieuwerkerk,Schouwen-Duiveland,Zeeland
Nieuwerkerk aan den IJssel,Zuidplas,Zuid-Holland
Nieuweroord,Midden-Drenthe,Drenthe
Nieuweroord,Hoogeveen,Drenthe
Nieuwersluis,Stichtse Vecht,Utrecht
Nieuweschoot,Heerenveen,Friesland
Nieuwkoop,Nieuwkoop,Zuid-Holland
Nieuwkuijk,Heusden,Noord-Brabant
Nieuwland,Vijfheerenlanden,Utrecht
Nieuwlande,Hoogeveen,Drenthe
Nieuwlande Coevorden,Coevorden,Drenthe
Nieuwleusen,Dalfsen,Overijssel
Nieuwolda,Oldambt,Groningen
Nieuwpoort,Molenlanden,Zuid-Holland
Nieuwstadt,Echt-Susteren,Limburg
Nieuwveen,Nieuwkoop,Zuid-Holland
Nieuwvliet,Sluis,Zeeland
Niezijl,Westerkwartier,Groningen
Niftrik,Wijchen,Gelderland
Nigtevecht,Stichtse Vecht,Utrecht
Nij Altoenae,Waadhoeke,Friesland
Nij Beets,Opsterland,Friesland
Nijbroek,Voorst,Gelderland
Nijeberkoop,Ooststellingwerf,Friesland
Nijega,Smallingerland,Friesland
Nijehaske,De Fryske Marren,Friesland
Nijeholtpade,Weststellingwerf,Friesland
Nijeholtwolde,Weststellingwerf,Friesland
Nijelamer,Weststellingwerf,Friesland
Nijemirdum,De Fryske Marren,Friesland
Nijensleek,Westerveld,Drenthe
Nijetrijne,Weststellingwerf,Friesland
Nijeveen,Meppel,Drenthe
Nijewier,Noardeast-Friesland,Friesland
Nijhuizum,Súdwest-Friesland,Friesland
Nijkerk,Nijkerk,Gelderland
Nijkerkerveen,Nijkerk,Gelderland
Nijland,Súdwest-Friesland,Friesland
Nijlande,Aa en Hunze,Drenthe
Nijmegen,Nijmegen,Gelderland
Nijverdal,Hellendoorn,Overijssel
Nispen,Roosendaal,Noord-Brabant
Nisse,Borsele,Zeeland
Nistelrode,Bernheze,Noord-Brabant
Noardburgum,Tytsjerksteradiel,Friesland
Nooitgedacht,Aa en Hunze,Drenthe
Noorbeek,Eijsden-Margraten,Limburg
Noord-Scharwoude,Dijk en Waard,Noord-Holland
Noord-Sleen,Coevorden,Drenthe
Noordbeemster,Purmerend,Noord-Holland
Noordbroek,Midden-Groningen,Groningen
Noordeinde,Alkmaar,Noord-Holland
Noordeinde Gld,Oldebroek,Gelderland
Noordeloos,Molenlanden,Zuid-Holland
Noorden,Nieuwkoop,Zuid-Holland
Noordgouwe,Schouwen-Duiveland,Zeeland
Noordhoek,Moerdijk,Noord-Brabant
Noordhorn,Westerkwartier,Groningen
Noordlaren,Groningen,Groningen
Noordscheschut,Hoogeveen,Drenthe
Noordwelle,Schouwen-Duiveland,Zeeland
Noordwijk,Westerkwartier,Groningen
Noordwijk,Noordwijk,Zuid-Holland
Noordwijkerhout,Noordwijk,Zuid-Holland
Noordwolde,Het Hogeland,Groningen
Noordwolde,Weststellingwerf,Friesland
Nootdorp,Pijnacker-Nootdorp,Zuid-Holland
Norg,Noordenveld,Drenthe
Notter,Wierden,Overijssel
Nuenen,"Nuenen, Gerwen en Nederwetten",Noord-Brabant
Nuis,Westerkwartier,Groningen
Nuland,s-Hertogenbosch,Noord-Brabant
Numansdorp,Hoeksche Waard,Zuid-Holland
Nunhem,Leudal,Limburg
Nunspeet,Nunspeet,Gelderland
Nuth,Beekdaelen,Limburg
Nutter,Dinkelland,Overijssel
Obbicht,Sittard-Geleen,Limburg
Obdam,Koggenland,Noord-Holland
Ochten,Neder-Betuwe,Gelderland
Odijk,Bunnik,Utrecht
Odiliapeel,Maashorst,Noord-Brabant
Odoorn,Borger-Odoorn,Drenthe
Odoornerveen,Borger-Odoorn,Drenthe
Oeffelt,Land van Cuijk,Noord-Brabant
Oegstgeest,Oegstgeest,Zuid-Holland
Oene,Epe,Gelderland
Oentsjerk,Tytsjerksteradiel,Friesland
Offingawier,Súdwest-Friesland,Friesland
Ohé en Laak,Maasgouw,Limburg
Oijen,Oss,Noord-Brabant
Oirlo,Venray,Limburg
Oirsbeek,Beekdaelen,Limburg
Oirschot,Oirschot,Noord-Brabant
Oisterwijk,Oisterwijk,Noord-Brabant
Okkenbroek,Deventer,Overijssel
Olburgen,Bronckhorst,Gelderland
Oldeberkoop,Ooststellingwerf,Friesland
Oldebroek,Oldebroek,Gelderland
Oldeholtpade,Weststellingwerf,Friesland
Oldeholtwolde,Weststellingwerf,Friesland
Oldehove,Westerkwartier,Groningen
Oldekerk,Westerkwartier,Groningen
Oldelamer,Weststellingwerf,Friesland
Oldemarkt,Steenwijkerland,Overijssel
Oldenzaal,Oldenzaal,Overijssel
Oldenzijl,Het Hogeland,Groningen
Oldeouwer,De Fryske Marren,Friesland
Oldetrijne,Weststellingwerf,Friesland
Olst,Olst-Wijhe,Overijssel
Olterterp,Opsterland,Friesland
Ommel,Asten,Noord-Brabant
Ommen,Ommen,Overijssel
Ommeren,Buren,Gelderland
Onderdendam,Het Hogeland,Groningen
Onna,Steenwijkerland,Overijssel
Onnen,Groningen,Groningen
Onstwedde,Stadskanaal,Groningen
Ooij,Berg en Dal,Gelderland
Ooltgensplaat,Goeree-Overflakkee,Zuid-Holland
Oost West en Middelbeers,Oirschot,Noord-Brabant
Oost-Graftdijk,Alkmaar,Noord-Holland
Oost-Souburg,Vlissingen,Zeeland
Oostburg,Sluis,Zeeland
Oostdijk,Reimerswaal,Zeeland
Oosteind,Oosterhout,Noord-Brabant
Oosterbeek,Renkum,Gelderland
Oosterbierum,Waadhoeke,Friesland
Oosterblokker,Drechterland,Noord-Holland
Oosterend,Terschelling,Friesland
Oosterend,Texel,Noord-Holland
Oosterhesselen,Coevorden,Drenthe
Oosterhout,Oosterhout,Noord-Brabant
Oosterhout,Overbetuwe,Gelderland
Oosterland,Schouwen-Duiveland,Zeeland
Oosterleek,Drechterland,Noord-Holland
Oosternieland,Het Hogeland,Groningen
Oosterstreek,Weststellingwerf,Friesland
Oosterwijk,Vijfheerenlanden,Utrecht
Oosterwijtwerd,Eemsdelta,Groningen
Oosterwolde,Ooststellingwerf,Friesland
Oosterwolde,Oldebroek,Gelderland
Oosterzee,De Fryske Marren,Friesland
Oosthem,Súdwest-Friesland,Friesland
Oosthuizen,Edam-Volendam,Noord-Holland
Oostkapelle,Veere,Zeeland
Oostknollendam,Wormerland,Noord-Holland
Oostrum,Venray,Limburg
Oostvoorne,Voorne aan Zee,Zuid-Holland
Oostwold,Westerkwartier,Groningen
Oostwold,Oldambt,Groningen
Oostwoud,Medemblik,Noord-Holland
Oostzaan,Oostzaan,Noord-Holland
Ootmarsum,Dinkelland,Overijssel
Opeinde,Smallingerland,Friesland
Opende,Westerkwartier,Groningen
Ophemert,West Betuwe,Gelderland
Opheusden,Neder-Betuwe,Gelderland
Opijnen,West Betuwe,Gelderland
Oploo,Land van Cuijk,Noord-Brabant
Opmeer,Opmeer,Noord-Holland
Oppenhuizen,Súdwest-Friesland,Friesland
Opperdoes,Medemblik,Noord-Holland
Oranje,Midden-Drenthe,Drenthe
Oranjewoud,Heerenveen,Friesland
Orvelte,Midden-Drenthe,Drenthe
Ospel,Nederweert,Limburg
Oss,Oss,Noord-Brabant
Ossendrecht,Woensdrecht,Noord-Brabant
Ossenisse,Hulst,Zeeland
Ossenwaard,Vijfheerenlanden,Utrecht
Ossenzijl,Steenwijkerland,Overijssel
Oterleek,Alkmaar,Noord-Holland
Otterlo,Ede,Gelderland
Ottersum,Gennep,Limburg
Ottoland,Molenlanden,Zuid-Holland
Oud Ade,Kaag en Braassem,Zuid-Holland
Oud Annerveen,Aa en Hunze,Drenthe
Oud Gastel,Halderberge,Noord-Brabant
Oud Ootmarsum,Dinkelland,Overijssel
Oud Zuilen,Stichtse Vecht,Utrecht
Oud-Alblas,Molenlanden,Zuid-Holland
Oud-Beijerland,Hoeksche Waard,Zuid-Holland
Oud-Vossemeer,Tholen,Zeeland
Ouddorp,Goeree-Overflakkee,Zuid-Holland
Oude Meer,Haarlemmermeer,Noord-Holland
Oude Niedorp,Hollands Kroon,Noord-Holland
Oude Pekela,Pekela,Groningen
Oude Wetering,Kaag en Braassem,Zuid-Holland
Oude Willem,Westerveld,Drenthe
Oude-Tonge,Goeree-Overflakkee,Zuid-Holland
Oudebildtzijl,Waadhoeke,Friesland
Oudega,De Fryske Marren,Friesland
Oudega,Súdwest-Friesland,Friesland
Oudega,Smallingerland,Friesland
Oudehaske,De Fryske Marren,Friesland
Oudehorne,Heerenveen,Friesland
Oudelande,Borsele,Zeeland
Oudemirdum,De Fryske Marren,Friesland
Oudemolen,Moerdijk,Noord-Brabant
Oudemolen,Tynaarlo,Drenthe
Oudenbosch,Halderberge,Noord-Brabant
Oudendijk,Koggenland,Noord-Holland
Oudenhoorn,Voorne aan Zee,Zuid-Holland
Ouderkerk aan de Amstel,Ouder-Amstel,Noord-Holland
Ouderkerk aan den IJssel,Krimpenerwaard,Zuid-Holland
Oudeschans,Westerwolde,Groningen
Oudeschild,Texel,Noord-Holland
Oudeschip,Het Hogeland,Groningen
Oudeschoot,Heerenveen,Friesland
Oudesluis,Schagen,Noord-Holland
Oudewater,Oudewater,Utrecht
Oudezijl,Oldambt,Groningen
Oudheusden,Heusden,Noord-Brabant
Oudkarspel,Dijk en Waard,Noord-Holland
Oudkarspel,Schagen,Noord-Holland
Oudorp,Alkmaar,Noord-Holland
Ouwerkerk,Schouwen-Duiveland,Zeeland
Ouwster-Nijega,De Fryske Marren,Friesland
Ouwsterhaule,De Fryske Marren,Friesland
Overasselt,Heumen,Gelderland
Overberg,Utrechtse Heuvelrug,Utrecht
Overdinkel,Losser,Overijssel
Overlangel,Oss,Noord-Brabant
Overloon,Land van Cuijk,Noord-Brabant
Overschild,Midden-Groningen,Groningen
Overslag,Terneuzen,Zeeland
Overveen,Bloemendaal,Noord-Holland
Ovezande,Borsele,Zeeland
Paasloo,Steenwijkerland,Overijssel
Pannerden,Zevenaar,Gelderland
Panningen,Peel en Maas,Limburg
Papekop,Oudewater,Utrecht
Papendrecht,Papendrecht,Zuid-Holland
Papenhoven,Sittard-Geleen,Limburg
Papenvoort,Aa en Hunze,Drenthe
Parrega,Súdwest-Friesland,Friesland
Paterswolde,Tynaarlo,Drenthe
Peazens,Noardeast-Friesland,Friesland
Peest,Noordenveld,Drenthe
Peins,Waadhoeke,Friesland
Peize,Noordenveld,Drenthe
Peperga,Weststellingwerf,Friesland
Pernis Rotterdam,Rotterdam,Zuid-Holland
Persingen,Berg en Dal,Gelderland
Pesse,Hoogeveen,Drenthe
Pesse,Westerveld,Drenthe
Petten,Schagen,Noord-Holland
Philippine,Terneuzen,Zeeland
Piaam,Súdwest-Friesland,Friesland
Piershil,Hoeksche Waard,Zuid-Holland
Pieterburen,Het Hogeland,Groningen
Pietersbierum,Waadhoeke,Friesland
Pieterzijl,Westerkwartier,Groningen
Pijnacker,Pijnacker-Nootdorp,Zuid-Holland
Pingjum,Súdwest-Friesland,Friesland
Plasmolen,Mook en Middelaar,Limburg
Poederoijen,Zaltbommel,Gelderland
Poeldijk,Westland,Zuid-Holland
Polsbroek,Lopik,Utrecht
Poortugaal,Albrandswaard,Zuid-Holland
Poortvliet,Tholen,Zeeland
Poppenwier,Súdwest-Friesland,Friesland
Posterholt,Roerdalen,Limburg
Prinsenbeek,Breda,Noord-Brabant
Puiflijk,Druten,Gelderland
Punthorst,Staphorst,Overijssel
Purmer,Waterland,Noord-Holland
Purmer,Edam-Volendam,Noord-Holland
Purmerend,Purmerend,Noord-Holland
Purmerland,Landsmeer,Noord-Holland
Puth,Beekdaelen,Limburg
Putte,Woensdrecht,Noord-Brabant
Putten,Putten,Gelderland
Puttershoek,Hoeksche Waard,Zuid-Holland
Raalte,Raalte,Overijssel
Raamsdonk,Geertruidenberg,Noord-Brabant
Raamsdonksveer,Geertruidenberg,Noord-Brabant
Raard,Noardeast-Friesland,Friesland
Radewijk,Hardenberg,Overijssel
Radio Kootwijk,Apeldoorn,Gelderland
Raerd,Súdwest-Friesland,Friesland
Randwijk,Overbetuwe,Gelderland
Ransdaal,Voerendaal,Limburg
Rasquert,Het Hogeland,Groningen
Ravenstein,Oss,Noord-Brabant
Ravenswaaij,Buren,Gelderland
Ravenswoud,Ooststellingwerf,Friesland
Readtsjerk,Dantumadiel,Friesland
Reahûs,Súdwest-Friesland,Friesland
Reduzum,Leeuwarden,Friesland
Reek,Maashorst,Noord-Brabant
Reeuwijk,Bodegraven-Reeuwijk,Zuid-Holland
Reeve,Kampen,Overijssel
Reijmerstok,Gulpen-Wittem,Limburg
Reitsum,Noardeast-Friesland,Friesland
Rekken,Berkelland,Gelderland
Renesse,Schouwen-Duiveland,Zeeland
Renkum,Renkum,Gelderland
Renswoude,Renswoude,Utrecht
Ressen,Lingewaard,Gelderland
Retranchement,Sluis,Zeeland
Reusel,Reusel-De Mierden,Noord-Brabant
Reutum,Tubbergen,Overijssel
Reuver,Beesel,Limburg
Rha,Bronckhorst,Gelderland
Rheden,Rheden,Gelderland
Rhee,Assen,Drenthe
Rheeze,Hardenberg,Overijssel
Rheezerveen,Hardenberg,Overijssel
Rhenen,Rhenen,Utrecht
Rhenoy,West Betuwe,Gelderland
Rhoon,Albrandswaard,Zuid-Holland
Ridderkerk,Ridderkerk,Zuid-Holland
Ried,Waadhoeke,Friesland
Riel,Goirle,Noord-Brabant
Rien,Súdwest-Friesland,Friesland
Riethoven,Bergeijk,Noord-Brabant
Rietmolen,Berkelland,Gelderland
Rijen,Gilze en Rijen,Noord-Brabant
Rijkevoort,Land van Cuijk,Noord-Brabant
Rijkevoort-De Walsert,Land van Cuijk,Noord-Brabant
Rijnsaterwoude,Kaag en Braassem,Zuid-Holland
Rijnsburg,Katwijk,Zuid-Holland
Rijpwetering,Kaag en Braassem,Zuid-Holland
Rijs,De Fryske Marren,Friesland
Rijsbergen,Zundert,Noord-Brabant
Rijsenhout,Haarlemmermeer,Noord-Holland
Rijssen,Rijssen-Holten,Overijssel
Rijswijk,Rijswijk,Zuid-Holland
Rijswijk (GLD),Buren,Gelderland
Rijswijk (NB),Altena,Noord-Brabant
Rilland,Reimerswaal,Zeeland
Rinsumageast,Dantumadiel,Friesland
Ritthem,Vlissingen,Zeeland
Rockanje,Voorne aan Zee,Zuid-Holland
Roden,Noordenveld,Drenthe
Roderesch,Noordenveld,Drenthe
Roderwolde,Noordenveld,Drenthe
Roelofarendsveen,Kaag en Braassem,Zuid-Holland
Roermond,Roermond,Limburg
Rogat,Meppel,Drenthe
Roggel,Leudal,Limburg
Rohel,De Fryske Marren,Friesland
Rolde,Aa en Hunze,Drenthe
Roodeschool,Het Hogeland,Groningen
Roosendaal,Roosendaal,Noord-Brabant
Roosteren,Echt-Susteren,Limburg
Rosmalen,s-Hertogenbosch,Noord-Brabant
Rossum,Dinkelland,Overijssel
Rossum,Maasdriel,Gelderland
Roswinkel,Emmen,Drenthe
Rotstergaast,De Fryske Marren,Friesland
Rotsterhaule,De Fryske Marren,Friesland
Rotterdam,Rotterdam,Zuid-Holland
Rotterdam-Albrandswaard,Albrandswaard,Zuid-Holland
Rottevalle,Smallingerland,Friesland
Rottum,De Fryske Marren,Friesland
Rottum,Het Hogeland,Groningen
Rouveen,Staphorst,Overijssel
Rozenburg,Rotterdam,Zuid-Holland
Rozenburg,Haarlemmermeer,Noord-Holland
Rozendaal,Rozendaal,Gelderland
Rucphen,Rucphen,Noord-Brabant
Ruigahuizen,De Fryske Marren,Friesland
Ruinen,De Wolden,Drenthe
Ruinen,Westerveld,Drenthe
Ruinerwold,De Wolden,Drenthe
Rumpt,West Betuwe,Gelderland
Rutten,Noordoostpolder,Flevoland
Ruurlo,Berkelland,Gelderland
Ryptsjerk,Tytsjerksteradiel,Friesland
Saaksum,Westerkwartier,Groningen
Saasveld,Dinkelland,Overijssel
Saaxumhuizen,Het Hogeland,Groningen
Sambeek,Land van Cuijk,Noord-Brabant
Sandfirden,Súdwest-Friesland,Friesland
Santpoort-Noord,Velsen,Noord-Holland
Santpoort-Zuid,Velsen,Noord-Holland
Sappemeer,Midden-Groningen,Groningen
Sas van Gent,Terneuzen,Zeeland
Sassenheim,Teylingen,Zuid-Holland
Sauwerd,Het Hogeland,Groningen
Schagen,Schagen,Noord-Holland
Schagerbrug,Schagen,Noord-Holland
Schaijk,Maashorst,Noord-Brabant
Schalkhaar,Deventer,Overijssel
Schalkwijk,Houten,Utrecht
Schalsum,Waadhoeke,Friesland
Schardam,Edam-Volendam,Noord-Holland
Scharendijke,Schouwen-Duiveland,Zeeland
Scharmer,Midden-Groningen,Groningen
Scharnegoutum,Súdwest-Friesland,Friesland
Scharsterbrug,De Fryske Marren,Friesland
Scharwoude,Koggenland,Noord-Holland
Scheemda,Oldambt,Groningen
Scheerwolde,Steenwijkerland,Overijssel
Schellinkhout,Drechterland,Noord-Holland
Schelluinen,Molenlanden,Zuid-Holland
Schermerhorn,Alkmaar,Noord-Holland
Scherpenisse,Tholen,Zeeland
Scherpenzeel,Weststellingwerf,Friesland
Scherpenzeel,Scherpenzeel,Gelderland
Schettens,Súdwest-Friesland,Friesland
Scheulder,Eijsden-Margraten,Limburg
Schiedam,Schiedam,Zuid-Holland
Schiermonnikoog,Schiermonnikoog,Friesland
Schijf,Rucphen,Noord-Brabant
Schijndel,Meierijstad,Noord-Brabant
Schildwolde,Midden-Groningen,Groningen
Schimmert,Beekdaelen,Limburg
Schin op Geul,Valkenburg aan de Geul,Limburg
Schinnen,Beekdaelen,Limburg
Schinveld,Beekdaelen,Limburg
Schipborg,Aa en Hunze,Drenthe
Schiphol,Haarlemmermeer,Noord-Holland
Schiphol-Rijk,Haarlemmermeer,Noord-Holland
Schipluiden,Midden-Delfland,Zuid-Holland
Schokland,Noordoostpolder,Flevoland
Schoondijke,Sluis,Zeeland
Schoonebeek,Emmen,Drenthe
Schoonhoven,Krimpenerwaard,Zuid-Holland
Schoonloo,Aa en Hunze,Drenthe
Schoonoord,Coevorden,Drenthe
Schoonrewoerd,Vijfheerenlanden,Utrecht
Schoorl,Bergen,Noord-Holland
Schore,Kapelle,Zeeland
Schouwerzijl,Het Hogeland,Groningen
Schraard,Súdwest-Friesland,Friesland
Schuinesloot,Hardenberg,Overijssel
Sebaldeburen,Westerkwartier,Groningen
Sellingen,Westerwolde,Groningen
Serooskerke,Veere,Zeeland
Serooskerke,Schouwen-Duiveland,Zeeland
Sevenum,Horst aan de Maas,Limburg
Sexbierum,Waadhoeke,Friesland
Sibculo,Hardenberg,Overijssel
Sibculo,Twenterand,Overijssel
Sibrandabuorren,Súdwest-Friesland,Friesland
Sibrandahûs,Dantumadiel,Friesland
Siddeburen,Midden-Groningen,Groningen
Siebengewald,Bergen,Limburg
Siegerswoude,Opsterland,Friesland
Sijbekarspel,Medemblik,Noord-Holland
Silvolde,Oude IJsselstreek,Gelderland
Simonshaven,Nissewaard,Zuid-Holland
Simpelveld,Simpelveld,Limburg
Sinderen,Oude IJsselstreek,Gelderland
Sint Agatha,Land van Cuijk,Noord-Brabant
Sint Annen,Groningen,Groningen
Sint Anthonis,Land van Cuijk,Noord-Brabant
Sint Geertruid,Eijsden-Margraten,Limburg
Sint Hubert,Land van Cuijk,Noord-Brabant
Sint Jansklooster,Steenwijkerland,Overijssel
Sint Jansteen,Hulst,Zeeland
Sint Joost,Echt-Susteren,Limburg
Sint Kruis,Sluis,Zeeland
Sint Maarten,Schagen,Noord-Holland
Sint Maartensbrug,Schagen,Noord-Holland
Sint Maartensvlotbrug,Schagen,Noord-Holland
Sint Nicolaasga,De Fryske Marren,Friesland
Sint Odiliënberg,Roerdalen,Limburg
Sint Pancras,Dijk en Waard,Noord-Holland
Sint Philipsland,Tholen,Zeeland
Sint-Annaland,Tholen,Zeeland
Sint-Maartensdijk,Tholen,Zeeland
Sint-Michielsgestel,Sint-Michielsgestel,Noord-Brabant
Sint-Oedenrode,Meierijstad,Noord-Brabant
Sintjohannesga,De Fryske Marren,Friesland
Sirjansland,Schouwen-Duiveland,Zeeland
Sittard,Sittard-Geleen,Limburg
Skingen,Waadhoeke,Friesland
Slagharen,Hardenberg,Overijssel
Slappeterp,Waadhoeke,Friesland
Sleen,Coevorden,Drenthe
Sleeuwijk,Altena,Noord-Brabant
Slenaken,Gulpen-Wittem,Limburg
Sliedrecht,Sliedrecht,Zuid-Holland
Slijk-Ewijk,Overbetuwe,Gelderland
Slijkenburg,Weststellingwerf,Friesland
Slochteren,Midden-Groningen,Groningen
Slootdorp,Hollands Kroon,Noord-Holland
Sloten,De Fryske Marren,Friesland
Sluis,Sluis,Zeeland
Sluiskil,Terneuzen,Zeeland
Smakt,Venray,Limburg
Smalle Ee,Smallingerland,Friesland
Smallebrugge,Súdwest-Friesland,Friesland
Smilde,Midden-Drenthe,Drenthe
Snakkerburen,Leeuwarden,Friesland
Sneek,Súdwest-Friesland,Friesland
Snelrewaard,Oudewater,Utrecht
Snikzwaag,De Fryske Marren,Friesland
Soerendonk,Cranendonck,Noord-Brabant
Soest,Soest,Utrecht
Soesterberg,Soest,Utrecht
Someren,Someren,Noord-Brabant
Sommelsdijk,Goeree-Overflakkee,Zuid-Holland
Son en Breugel,Son en Breugel,Noord-Brabant
Sondel,De Fryske Marren,Friesland
Sonnega,Weststellingwerf,Friesland
Spaarndam,Haarlemmermeer,Noord-Holland
Spaarndam gem. Haarlem,Haarlem,Noord-Holland
Spanbroek,Opmeer,Noord-Holland
Spanga,Weststellingwerf,Friesland
Spankeren,Rheden,Gelderland
Spannum,Waadhoeke,Friesland
Spaubeek,Beek,Limburg
Spier,Westerveld,Drenthe
Spier,Midden-Drenthe,Drenthe
Spierdijk,Koggenland,Noord-Holland
Spijk,Zevenaar,Gelderland
Spijk,West Betuwe,Gelderland
Spijk Gn,Eemsdelta,Groningen
Spijkenisse,Nissewaard,Zuid-Holland
Spijkerboor,Wormerland,Noord-Holland
Spijkerboor,Aa en Hunze,Drenthe
Sprang-Capelle,Waalwijk,Noord-Brabant
Sprundel,Rucphen,Noord-Brabant
Spui,Terneuzen,Zeeland
St. Willebrord,Rucphen,Noord-Brabant
St.-Annaparochie,Waadhoeke,Friesland
St.-Jacobiparochie,Waadhoeke,Friesland
Stad aan 't Haringvliet,Goeree-Overflakkee,Zuid-Holland
Stadskanaal,Stadskanaal,Groningen
Stampersgat,Halderberge,Noord-Brabant
Standdaarbuiten,Moerdijk,Noord-Brabant
Staphorst,Staphorst,Overijssel
Starnmeer,Alkmaar,Noord-Holland
Startenhuizen,Eemsdelta,Groningen
Startenhuizen,Het Hogeland,Groningen
Stavenisse,Tholen,Zeeland
Stavoren,Súdwest-Friesland,Friesland
Stedum,Eemsdelta,Groningen
Steenbergen,Noordenveld,Drenthe
Steenbergen,Steenbergen,Noord-Brabant
Steendam,Midden-Groningen,Groningen
Steenderen,Bronckhorst,Gelderland
Steenenkamer,Voorst,Gelderland
Steensel,Eersel,Noord-Brabant
Steenwijk,Steenwijkerland,Overijssel
Steenwijkerwold,Steenwijkerland,Overijssel
Stegeren,Ommen,Overijssel
Steggerda,Weststellingwerf,Friesland
Stein,Stein,Limburg
Stellendam,Goeree-Overflakkee,Zuid-Holland
Sterksel,Heeze-Leende,Noord-Brabant
Stevensbeek,Land van Cuijk,Noord-Brabant
Stevensweert,Maasgouw,Limburg
Steyl,Venlo,Limburg
Stieltjeskanaal,Coevorden,Drenthe
Stiens,Leeuwarden,Friesland
Stitswerd,Het Hogeland,Groningen
Stokkum,Montferland,Gelderland
Stolwijk,Krimpenerwaard,Zuid-Holland
Stompetoren,Alkmaar,Noord-Holland
Stoutenburg,Leusden,Utrecht
Stoutenburg Noord,Amersfoort,Utrecht
Stramproy,Weert,Limburg
Streefkerk,Molenlanden,Zuid-Holland
Striep,Terschelling,Friesland
Strijbeek,Alphen-Chaam,Noord-Brabant
Strijen,Hoeksche Waard,Zuid-Holland
Strijensas,Hoeksche Waard,Zuid-Holland
Stroe,Barneveld,Gelderland
Stroobos,Achtkarspelen,Friesland
Stuifzand,Hoogeveen,Drenthe
Stuifzand,Midden-Drenthe,Drenthe
Sumar,Tytsjerksteradiel,Friesland
Surhuisterveen,Achtkarspelen,Friesland
Surhuizum,Achtkarspelen,Friesland
Susteren,Echt-Susteren,Limburg
Suwâld,Tytsjerksteradiel,Friesland
Swalmen,Roermond,Limburg
Sweagerbosk,Noardeast-Friesland,Friesland
Sweikhuizen,Beekdaelen,Limburg
Swichum,Leeuwarden,Friesland
Swifterbant,Dronten,Flevoland
Swolgen,Horst aan de Maas,Limburg
Taarlo,Tynaarlo,Drenthe
Teeffelen,Oss,Noord-Brabant
Teerns,Leeuwarden,Friesland
Tegelen,Venlo,Limburg
Ten Boer,Groningen,Groningen
Ten Post,Groningen,Groningen
Ter Aar,Nieuwkoop,Zuid-Holland
Ter Aard,Assen,Drenthe
Ter Apel,Westerwolde,Groningen
Ter Apelkanaal,Westerwolde,Groningen
Ter Heijde,Westland,Zuid-Holland
Ter Idzard,Weststellingwerf,Friesland
Terband,Heerenveen,Friesland
Terborg,Oude IJsselstreek,Gelderland
Terheijden,Drimmelen,Noord-Brabant
Terherne,De Fryske Marren,Friesland
Terhole,Hulst,Zeeland
Terkaple,De Fryske Marren,Friesland
Termunten,Eemsdelta,Groningen
Termunterzijl,Eemsdelta,Groningen
Ternaard,Noardeast-Friesland,Friesland
Terneuzen,Terneuzen,Zeeland
Teroele,De Fryske Marren,Friesland
Terschuur,Barneveld,Gelderland
Tersoal,Súdwest-Friesland,Friesland
Terwispel,Opsterland,Friesland
Terwolde,Voorst,Gelderland
Teteringen,Breda,Noord-Brabant
Teuge,Voorst,Gelderland
Thesinge,Groningen,Groningen
Tholen,Tholen,Zeeland
Thorn,Maasgouw,Limburg
Tiel,Tiel,Gelderland
Tiendeveen,Hoogeveen,Drenthe
Tiendeveen,Midden-Drenthe,Drenthe
Tienhoven,Stichtse Vecht,Utrecht
Tienhoven aan de Lek,Vijfheerenlanden,Utrecht
Tienray,Horst aan de Maas,Limburg
Tijnje,Opsterland,Friesland
Tilburg,Tilburg,Noord-Brabant
Tilligte,Dinkelland,Overijssel
Tinallinge,Het Hogeland,Groningen
Tinte,Voorne aan Zee,Zuid-Holland
Tirns,Súdwest-Friesland,Friesland
Tjalhuizum,Súdwest-Friesland,Friesland
Tjalleberd,Heerenveen,Friesland
Tjerkgaast,De Fryske Marren,Friesland
Tjerkwerd,Súdwest-Friesland,Friesland
Tjuchem,Midden-Groningen,Groningen
Tolbert,Westerkwartier,Groningen
Toldijk,Bronckhorst,Gelderland
Tolkamer,Zevenaar,Gelderland
Tollebeek,Noordoostpolder,Flevoland
Tonden,Brummen,Gelderland
Toornwerd,Eemsdelta,Groningen
Tricht,West Betuwe,Gelderland
Tripscompagnie,Midden-Groningen,Groningen
Tubbergen,Tubbergen,Overijssel
Tuil,West Betuwe,Gelderland
Tuitjenhorn,Schagen,Noord-Holland
Tuk,Steenwijkerland,Overijssel
Tull en 't Waal,Houten,Utrecht
Twello,Voorst,Gelderland
Twijzel,Achtkarspelen,Friesland
Twijzelerheide,Achtkarspelen,Friesland
Twisk,Medemblik,Noord-Holland
Tynaarlo,Tynaarlo,Drenthe
Tytsjerk,Tytsjerksteradiel,Friesland
Tzum,Waadhoeke,Friesland
Tzummarum,Waadhoeke,Friesland
Ubbena,Assen,Drenthe
Ubbergen,Berg en Dal,Gelderland
Uddel,Apeldoorn,Gelderland
Uden,Maashorst,Noord-Brabant
Udenhout,Tilburg,Noord-Brabant
Uffelte,Westerveld,Drenthe
Ugchelen,Apeldoorn,Gelderland
Uitdam,Waterland,Noord-Holland
Uitgeest,Uitgeest,Noord-Holland
Uithoorn,Uithoorn,Noord-Holland
Uithuizen,Het Hogeland,Groningen
Uithuizermeeden,Het Hogeland,Groningen
Uitwellingerga,Súdwest-Friesland,Friesland
Uitwijk,Altena,Noord-Brabant
Ulestraten,Meerssen,Limburg
Ulft,Oude IJsselstreek,Gelderland
Ulicoten,Baarle-Nassau,Noord-Brabant
Ulrum,Het Hogeland,Groningen
Ulvenhout,Breda,Noord-Brabant
Ulvenhout AC,Alphen-Chaam,Noord-Brabant
Ureterp,Opsterland,Friesland
Urk,Urk,Flevoland
Urmond,Stein,Limburg
Ursem,Koggenland,Noord-Holland
Ursem gem. S,Alkmaar,Noord-Holland
Usquert,Het Hogeland,Groningen
Utrecht,Utrecht,Utrecht
Vaals,Vaals,Limburg
Vaassen,Epe,Gelderland
Valburg,Overbetuwe,Gelderland
Valkenburg,Valkenburg aan de Geul,Limburg
Valkenburg,Katwijk,Zuid-Holland
Valkenswaard,Valkenswaard,Noord-Brabant
Valthe,Borger-Odoorn,Drenthe
Valthermond,Borger-Odoorn,Drenthe
Varik,West Betuwe,Gelderland
Varsselder,Oude IJsselstreek,Gelderland
Varsseveld,Oude IJsselstreek,Gelderland
Vasse,Tubbergen,Overijssel
Veelerveen,Westerwolde,Groningen
Veen,Altena,Noord-Brabant
Veendam,Veendam,Groningen
Veenendaal,Veenendaal,Utrecht
Veenhuizen,Noordenveld,Drenthe
Veeningen,De Wolden,Drenthe
Veenoord,Emmen,Drenthe
Veere,Veere,Zeeland
Veessen,Heerde,Gelderland
Vegelinsoord,De Fryske Marren,Friesland
Veghel,Meierijstad,Noord-Brabant
Velddriel,Maasdriel,Gelderland
Velden,Venlo,Limburg
Veldhoven,Veldhoven,Noord-Brabant
Velp,Land van Cuijk,Noord-Brabant
Velp,Rheden,Gelderland
Velsen-Noord,Velsen,Noord-Holland
Velsen-Zuid,Velsen,Noord-Holland
Velserbroek,Velsen,Noord-Holland
Ven-Zelderheide,Gennep,Limburg
Venebrugge,Hardenberg,Overijssel
Venhorst,Boekel,Noord-Brabant
Venhuizen,Drechterland,Noord-Holland
Venlo,Venlo,Limburg
Venray,Venray,Limburg
Vessem,Eersel,Noord-Brabant
Vethuizen,Montferland,Gelderland
Veulen,Venray,Limburg
Vianen,Vijfheerenlanden,Utrecht
Vianen NB,Land van Cuijk,Noord-Brabant
Vierakker,Bronckhorst,Gelderland
Vierhouten,Nunspeet,Gelderland
Vierhuizen,Het Hogeland,Groningen
Vierlingsbeek,Land van Cuijk,Noord-Brabant
Vierpolders,Voorne aan Zee,Zuid-Holland
Vijfhuizen,Haarlemmermeer,Noord-Holland
Vijlen,Vaals,Limburg
Vilsteren,Ommen,Overijssel
Vinkega,Weststellingwerf,Friesland
Vinkel,Bernheze,Noord-Brabant
Vinkel,s-Hertogenbosch,Noord-Brabant
Vinkenbuurt,Ommen,Overijssel
Vinkeveen,De Ronde Venen,Utrecht
Visvliet,Westerkwartier,Groningen
Vlaardingen,Vlaardingen,Zuid-Holland
Vlagtwedde,Westerwolde,Groningen
Vledder,Westerveld,Drenthe
Vledderveen,Westerveld,Drenthe
Vledderveen,Stadskanaal,Groningen
Vleuten,Utrecht,Utrecht
Vlieland,Vlieland,Friesland
Vlierden,Deurne,Noord-Brabant
Vlijmen,Heusden,Noord-Brabant
Vlissingen,Vlissingen,Zeeland
Vlist,Krimpenerwaard,Zuid-Holland
Vlodrop,Roerdalen,Limburg
Voerendaal,Voerendaal,Limburg
Vogelenzang,Bloemendaal,Noord-Holland
Vogelwaarde,Hulst,Zeeland
Volendam,Edam-Volendam,Noord-Holland
Volkel,Maashorst,Noord-Brabant
Vollenhove,Steenwijkerland,Overijssel
Vondelingenplaat Rotterdam,Rotterdam,Zuid-Holland
Voorburg,Leidschendam-Voorburg,Zuid-Holland
Voorhout,Teylingen,Zuid-Holland
Voorschoten,Voorschoten,Zuid-Holland
Voorst,Oude IJsselstreek,Gelderland
Voorst,Voorst,Gelderland
Voorthuizen,Barneveld,Gelderland
Vorchten,Heerde,Gelderland
Vorden,Bronckhorst,Gelderland
Vorstenbosch,Bernheze,Noord-Brabant
Vortum-Mullem,Land van Cuijk,Noord-Brabant
Vragender,Oost Gelre,Gelderland
Vredenheim,Aa en Hunze,Drenthe
Vredepeel,Venray,Limburg
Vreeland,Stichtse Vecht,Utrecht
Vries,Tynaarlo,Drenthe
Vriescheloo,Westerwolde,Groningen
Vriezenveen,Twenterand,Overijssel
Vroomshoop,Twenterand,Overijssel
Vrouwenakker,Nieuwkoop,Zuid-Holland
Vrouwenparochie,Waadhoeke,Friesland
Vrouwenpolder,Veere,Zeeland
Vught,Vught,Noord-Brabant
Vuren,West Betuwe,Gelderland
Waaksens,Súdwest-Friesland,Friesland
Waal,Molenlanden,Zuid-Holland
Waalre,Waalre,Noord-Brabant
Waalwijk,Waalwijk,Noord-Brabant
Waarde,Reimerswaal,Zeeland
Waardenburg,West Betuwe,Gelderland
Waarder,Bodegraven-Reeuwijk,Zuid-Holland
Waardhuizen,Altena,Noord-Brabant
Waarland,Schagen,Noord-Holland
Waaxens,Noardeast-Friesland,Friesland
Wachtum,Coevorden,Drenthe
Waddinxveen,Waddinxveen,Zuid-Holland
Wadenoijen,Tiel,Gelderland
Wagenberg,Drimmelen,Noord-Brabant
Wagenborgen,Eemsdelta,Groningen
Wageningen,Wageningen,Gelderland
Walem,Valkenburg aan de Geul,Limburg
Walsoorden,Hulst,Zeeland
Wamel,West Maas en Waal,Gelderland
Wanneperveen,Steenwijkerland,Overijssel
Wanroij,Land van Cuijk,Noord-Brabant
Wanssum,Venray,Limburg
Wapenveld,Heerde,Gelderland
Wapse,Westerveld,Drenthe
Wapserveen,Westerveld,Drenthe
Warder,Edam-Volendam,Noord-Holland
Warffum,Het Hogeland,Groningen
Warfhuizen,Het Hogeland,Groningen
Warfstermolen,Noardeast-Friesland,Friesland
Warmenhuizen,Schagen,Noord-Holland
Warmond,Teylingen,Zuid-Holland
Warns,Súdwest-Friesland,Friesland
Warnsveld,Zutphen,Gelderland
Warstiens,Leeuwarden,Friesland
Warten,Leeuwarden,Friesland
Waskemeer,Ooststellingwerf,Friesland
Waspik,Waalwijk,Noord-Brabant
Wassenaar,Wassenaar,Zuid-Holland
Wateren,Westerveld,Drenthe
Watergang,Waterland,Noord-Holland
Waterhuizen,Midden-Groningen,Groningen
Wateringen,Westland,Zuid-Holland
Waterlandkerkje,Sluis,Zeeland
Waverveen,De Ronde Venen,Utrecht
Wedde,Westerwolde,Groningen
Weerselo,Dinkelland,Overijssel
Weert,Weert,Limburg
Weesp,Amsterdam,Noord-Holland
Wehe-den Hoorn,Het Hogeland,Groningen
Wehl,Doetinchem,Gelderland
Weidum,Leeuwarden,Friesland
Weiteveen,Emmen,Drenthe
Wekerom,Ede,Gelderland
Well,Maasdriel,Gelderland
Well L,Bergen,Limburg
Wellerlooi,Bergen,Limburg
Welsum,Olst-Wijhe,Overijssel
Wemeldinge,Kapelle,Zeeland
Wenum Wiesel,Apeldoorn,Gelderland
Wergea,Leeuwarden,Friesland
Werkendam,Altena,Noord-Brabant
Werkhoven,Bunnik,Utrecht
Wernhout,Zundert,Noord-Brabant
Wervershoof,Medemblik,Noord-Holland
Wesepe,Olst-Wijhe,Overijssel
Wessem,Maasgouw,Limburg
West-Graftdijk,Alkmaar,Noord-Holland
West-Terschelling,Terschelling,Friesland
Westbeemster,Purmerend,Noord-Holland
Westbroek,De Bilt,Utrecht
Westdorp,Borger-Odoorn,Drenthe
Westdorpe,Terneuzen,Zeeland
Westendorp,Oude IJsselstreek,Gelderland
Westerbeek,Land van Cuijk,Noord-Brabant
Westerbork,Midden-Drenthe,Drenthe
Westerbroek,Midden-Groningen,Groningen
Westeremden,Eemsdelta,Groningen
Westergeast,Noardeast-Friesland,Friesland
Westerhaar-Vriezenveensewijk,Twenterand,Overijssel
Westerhoven,Bergeijk,Noord-Brabant
Westerland,Hollands Kroon,Noord-Holland
Westerlee,Oldambt,Groningen
Westernieland,Het Hogeland,Groningen
Westervelde,Noordenveld,Drenthe
Westervoort,Westervoort,Gelderland
Westerwijtwerd,Eemsdelta,Groningen
Westhem,Súdwest-Friesland,Friesland
Westhoek,Waadhoeke,Friesland
Westkapelle,Veere,Zeeland
Westknollendam,Zaanstad,Noord-Holland
Westmaas,Hoeksche Waard,Zuid-Holland
Westwoud,Drechterland,Noord-Holland
Westzaan,Zaanstad,Noord-Holland
Wetering,Steenwijkerland,Overijssel
Weteringbrug,Haarlemmermeer,Noord-Holland
Wetsens,Noardeast-Friesland,Friesland
Wetsinge,Het Hogeland,Groningen
Weurt,Beuningen,Gelderland
Wezep,Oldebroek,Gelderland
Wezup,Coevorden,Drenthe
Wezuperbrug,Coevorden,Drenthe
Wichmond,Bronckhorst,Gelderland
Wier,Waadhoeke,Friesland
Wierden,Wierden,Overijssel
Wieringerwaard,Hollands Kroon,Noord-Holland
Wieringerwerf,Hollands Kroon,Noord-Holland
Wierum,Noardeast-Friesland,Friesland
Wijchen,Wijchen,Gelderland
Wijckel,De Fryske Marren,Friesland
Wijdenes,Drechterland,Noord-Holland
Wijdewormer,Wormerland,Noord-Holland
Wijhe,Olst-Wijhe,Overijssel
Wijk aan Zee,Beverwijk,Noord-Holland
Wijk bij Duurstede,Wijk bij Duurstede,Utrecht
Wijk en Aalburg,Altena,Noord-Brabant
Wijlre,Gulpen-Wittem,Limburg
Wijnaldum,Harlingen,Friesland
Wijnandsrade,Beekdaelen,Limburg
Wijnbergen,Montferland,Gelderland
Wijngaarden,Molenlanden,Zuid-Holland
Wijnjewoude,Opsterland,Friesland
Wijster,Midden-Drenthe,Drenthe
Wilbertoord,Land van Cuijk,Noord-Brabant
Wildervank,Veendam,Groningen
Wilhelminadorp,Goes,Zeeland
Wilhelminaoord,Westerveld,Drenthe
Willemsoord,Steenwijkerland,Overijssel
Willemstad,Moerdijk,Noord-Brabant
Wilnis,De Ronde Venen,Utrecht
Wilp,Voorst,Gelderland
Wilsum,Kampen,Overijssel
Winde,Tynaarlo,Drenthe
Windraak,Sittard-Geleen,Limburg
Winkel,Hollands Kroon,Noord-Holland
Winneweer,Groningen,Groningen
Winschoten,Oldambt,Groningen
Winssen,Beuningen,Gelderland
Winsum,Waadhoeke,Friesland
Winsum,Het Hogeland,Groningen
Wintelre,Eersel,Noord-Brabant
Winterswijk,Winterswijk,Gelderland
Winterswijk Brinkheurne,Winterswijk,Gelderland
Winterswijk Corle,Winterswijk,Gelderland
Winterswijk Henxel,Winterswijk,Gelderland
Winterswijk Huppel,Winterswijk,Gelderland
Winterswijk Kotten,Winterswijk,Gelderland
Winterswijk Meddo,Winterswijk,Gelderland
Winterswijk Miste,Winterswijk,Gelderland
Winterswijk Ratum,Winterswijk,Gelderland
Winterswijk Woold,Winterswijk,Gelderland
Wirdum,Leeuwarden,Friesland
Wirdum Gn,Eemsdelta,Groningen
Wissenkerke,Noord-Beveland,Zeeland
Witharen,Ommen,Overijssel
Witmarsum,Súdwest-Friesland,Friesland
Witte Paarden,Steenwijkerland,Overijssel
Wittelte,Westerveld,Drenthe
Wittem,Gulpen-Wittem,Limburg
Witteveen,Midden-Drenthe,Drenthe
Wiuwert,Súdwest-Friesland,Friesland
Wjelsryp,Waadhoeke,Friesland
Woensdrecht,Woensdrecht,Noord-Brabant
Woerden,Woerden,Utrecht
Woerdense Verlaat,Nieuwkoop,Zuid-Holland
Wognum,Medemblik,Noord-Holland
Woldendorp,Eemsdelta,Groningen
Wolfheze,Renkum,Gelderland
Wolphaartsdijk,Goes,Zeeland
Wolsum,Súdwest-Friesland,Friesland
Woltersum,Groningen,Groningen
Wolvega,Weststellingwerf,Friesland
Wommels,Súdwest-Friesland,Friesland
Wons,Súdwest-Friesland,Friesland
Workum,Súdwest-Friesland,Friesland
Wormer,Wormerland,Noord-Holland
Wormerveer,Zaanstad,Noord-Holland
Woubrugge,Kaag en Braassem,Zuid-Holland
Woudbloem,Midden-Groningen,Groningen
Woudenberg,Woudenberg,Utrecht
Woudrichem,Altena,Noord-Brabant
Woudsend,Súdwest-Friesland,Friesland
Wouw,Roosendaal,Noord-Brabant
Wouwse Plantage,Roosendaal,Noord-Brabant
Wyns,Tytsjerksteradiel,Friesland
Wytgaard,Leeuwarden,Friesland
Wâlterswâld,Dantumadiel,Friesland
Wânswert,Noardeast-Friesland,Friesland
Yde,Tynaarlo,Drenthe
Yerseke,Reimerswaal,Zeeland
Ypecolsga,Súdwest-Friesland,Friesland
Ysbrechtum,Súdwest-Friesland,Friesland
Ysselsteyn,Venray,Limburg
Zaamslag,Terneuzen,Zeeland
Zaandam,Zaanstad,Noord-Holland
Zaandijk,Zaanstad,Noord-Holland
Zalk,Kampen,Overijssel
Zaltbommel,Zaltbommel,Gelderland
Zandberg,Borger-Odoorn,Drenthe
Zandeweer,Het Hogeland,Groningen
Zandhuizen,Weststellingwerf,Friesland
Zandpol,Emmen,Drenthe
Zandvoort,Zandvoort,Noord-Holland
Zeddam,Montferland,Gelderland
Zeegse,Tynaarlo,Drenthe
Zeeland,Maashorst,Noord-Brabant
Zeerijp,Eemsdelta,Groningen
Zeewolde,Zeewolde,Flevoland
Zegge,Rucphen,Noord-Brabant
Zegveld,Woerden,Utrecht
Zeijen,Tynaarlo,Drenthe
Zeijerveen,Assen,Drenthe
Zeijerveld,Assen,Drenthe
Zeist,Zeist,Utrecht
Zelhem,Bronckhorst,Gelderland
Zenderen,Borne,Overijssel
Zennewijnen,West Betuwe,Gelderland
Zennewijnen,Tiel,Gelderland
Zetten,Overbetuwe,Gelderland
Zevenaar,Zevenaar,Gelderland
Zevenbergen,Moerdijk,Noord-Brabant
Zevenbergschen Hoek,Drimmelen,Noord-Brabant
Zevenbergschen Hoek,Moerdijk,Noord-Brabant
Zevenhoven,Nieuwkoop,Zuid-Holland
Zevenhuizen,Zuidplas,Zuid-Holland
Zevenhuizen,Westerkwartier,Groningen
Zierikzee,Schouwen-Duiveland,Zeeland
Zieuwent,Oost Gelre,Gelderland
Zijderveld,Vijfheerenlanden,Utrecht
Zijdewind,Hollands Kroon,Noord-Holland
Zijldijk,Eemsdelta,Groningen
Zoelen,Buren,Gelderland
Zoelmond,Buren,Gelderland
Zoetermeer,Zoetermeer,Zuid-Holland
Zoeterwoude,Zoeterwoude,Zuid-Holland
Zonnemaire,Schouwen-Duiveland,Zeeland
Zorgvlied,Westerveld,Drenthe
Zoutelande,Veere,Zeeland
Zoutkamp,Het Hogeland,Groningen
Zuid-Beijerland,Hoeksche Waard,Zuid-Holland
Zuid-Scharwoude,Dijk en Waard,Noord-Holland
Zuidbroek,Midden-Groningen,Groningen
Zuiddorpe,Terneuzen,Zeeland
Zuidermeer,Koggenland,Noord-Holland
Zuiderwoude,Waterland,Noord-Holland
Zuidhorn,Westerkwartier,Groningen
Zuidlaarderveen,Tynaarlo,Drenthe
Zuidland,Nissewaard,Zuid-Holland
Zuidlaren,Tynaarlo,Drenthe
Zuidoostbeemster,Purmerend,Noord-Holland
Zuidschermer,Alkmaar,Noord-Holland
Zuidveen,Steenwijkerland,Overijssel
Zuidveld,Midden-Drenthe,Drenthe
Zuidvelde,Noordenveld,Drenthe
Zuidwolde,Het Hogeland,Groningen
Zuidwolde,De Wolden,Drenthe
Zuidzande,Sluis,Zeeland
Zuilichem,Zaltbommel,Gelderland
Zuna,Wierden,Overijssel
Zundert,Zundert,Noord-Brabant
Zurich,Súdwest-Friesland,Friesland
Zutphen,Zutphen,Gelderland
Zuurdijk,Het Hogeland,Groningen
Zwaag,Hoorn,Noord-Holland
Zwaagdijk-Oost,Medemblik,Noord-Holland
Zwaagdijk-West,Medemblik,Noord-Holland
Zwaanshoek,Haarlemmermeer,Noord-Holland
Zwammerdam,Alphen aan den Rijn,Zuid-Holland
Zwanenburg,Haarlemmermeer,Noord-Holland
Zwartebroek,Barneveld,Gelderland
Zwartemeer,Emmen,Drenthe
Zwartewaal,Voorne aan Zee,Zuid-Holland
Zwartsluis,Zwartewaterland,Overijssel
Zweeloo,Coevorden,Drenthe
Zweins,Waadhoeke,Friesland
Zwiggelte,Midden-Drenthe,Drenthe
Zwijndrecht,Zwijndrecht,Zuid-Holland
Zwinderen,Coevorden,Drenthe
Zwolle,Zwolle,Overijssel
de Hoef,De Ronde Venen,Utrecht
de Lutte,Losser,Overijssel
de Wijk,De Wolden,Drenthe
de Woude,Castricum,Noord-Holland
s Gravenmoer,Dongen,Noord-Brabant
s-Graveland,Wijdemeren,Noord-Holland
s-Gravendeel,Hoeksche Waard,Zuid-Holland
s-Gravenhage / Den Haag,Den Haag,Zuid-Holland
s-Gravenpolder,Borsele,Zeeland
s-Gravenzande,Westland,Zuid-Holland
s-Heer Abtskerke,Borsele,Zeeland
s-Heer Arendskerke,Goes,Zeeland
s-Heer Hendrikskinderen,Goes,Zeeland
s-Heerenberg,Montferland,Gelderland
s-Heerenbroek,Kampen,Overijssel
s-Heerenhoek,Borsele,Zeeland
s-Hertogenbosch / Den Bosch,s-Hertogenbosch,Noord-Brabant
t Goy,Houten,Utrecht
t Haantje,Coevorden,Drenthe
t Harde,Elburg,Gelderland
t Loo,Oldebroek,Gelderland
t Veld,Hollands Kroon,Noord-Holland
t Waar,Oldambt,Groningen
t Zand,Schagen,Noord-Holland
t Zandt,Eemsdelta,Groningen
